"ROW_ID","REQUEST_ID","STATUS","MESSAGE","REQUEST_DATE","CURRENCY_CODE","RECEIPT_DATE","GL_DATE","EXCHANGE_DATE","EXCHANGE_RATE_TYPE","RECEIPT_METHOD_ID","RECEIPT_NUMBER","REMITTANCE_BACK_ACC_ID","DEPOSIT_DATE","CUSTOMER_ID","ORG_ID","AMOUNT","REGION","INTEG_MODE"
485306,35126,Success,,2026-05-05 12:14:45.000,,,,,,,JUMP_REC_35126,,,,,0,SA,AUTOMATIC
509312,35664,Success, ,2026-06-02 09:16:19.000,SAR,2026-05-09 00:00:00.000,2026-05-09 00:00:00.000,,,300000001518641,Mada-2912269,"300000212640475",2026-05-09 00:00:00.000,300000158776674,300000001421038,1480,SA,MANUAL
509314,35664,Success, ,2026-06-02 09:16:27.000,SAR,2026-05-09 00:00:00.000,2026-05-09 00:00:00.000,,,300000001518646,Visa-2912271,"300000052407289",2026-05-09 00:00:00.000,300000052635088,300000001421038,1002,SA,MANUAL
509315,35664,Success, ,2026-06-02 09:16:28.000,SAR,2026-05-09 00:00:00.000,2026-05-09 00:00:00.000,,,300000001518641,Mada-2912271,"300000052407289",2026-05-09 00:00:00.000,300000052635088,300000001421038,1555,SA,MANUAL
509313,35664,Success, ,2026-06-02 09:16:27.000,SAR,2026-05-09 00:00:00.000,2026-05-09 00:00:00.000,,,300000001518638,Cash-2912271,"300000052482560",2026-05-09 00:00:00.000,300000052635088,300000001421038,945,SA,MANUAL
509311,35664,Success, ,2026-06-02 09:16:18.000,SAR,2026-05-09 00:00:00.000,2026-05-09 00:00:00.000,,,300000001518641,Mada-2912268,"300000056139973",2026-05-09 00:00:00.000,300000059418443,300000001421038,892,SA,MANUAL
509310,35664,Success, ,2026-06-02 09:16:18.000,SAR,2026-05-09 00:00:00.000,2026-05-09 00:00:00.000,,,300000001518638,Cash-2912269,"300000158604426",2026-05-09 00:00:00.000,300000158776674,300000001421038,1000,SA,MANUAL
509309,35664,Success, ,2026-06-02 09:16:16.000,SAR,2026-05-09 00:00:00.000,2026-05-09 00:00:00.000,,,300000001518641,Mada-2912267,"300000080235515",2026-05-09 00:00:00.000,300000081887337,300000001421038,890,SA,MANUAL
509308,35664,Success, ,2026-06-02 09:16:15.000,SAR,2026-05-09 00:00:00.000,2026-05-09 00:00:00.000,,,300000001518638,Cash-2912267,"300000080235544",2026-05-09 00:00:00.000,300000081887337,300000001421038,1059,SA,MANUAL
509307,35664,Success, ,2026-06-02 09:16:15.000,SAR,2026-05-09 00:00:00.000,2026-05-09 00:00:00.000,,,300000001518641,Mada-2912266,"300000062388622",2026-05-09 00:00:00.000,300000062388957,300000001421038,398,SA,MANUAL
509306,35664,Success, ,2026-06-02 09:16:14.000,SAR,2026-05-09 00:00:00.000,2026-05-09 00:00:00.000,,,300000001518638,Cash-2912266,"300000062388894",2026-05-09 00:00:00.000,300000062388957,300000001421038,398,SA,MANUAL
508983,35663,Success, ,2026-06-02 09:07:05.000,SAR,2026-05-08 00:00:00.000,2026-05-08 00:00:00.000,,,300000001518638,Cash-2911261,"300000131004975",2026-05-08 00:00:00.000,300000171340507,300000001421038,30,SA,MANUAL
509258,35664,Success, ,2026-06-02 09:15:06.000,SAR,2026-05-08 00:00:00.000,2026-05-08 00:00:00.000,,,300000001518641,Mada-2912245,"300000073517410",2026-05-08 00:00:00.000,300000073517479,300000001421038,7554,SA,MANUAL
509257,35664,Success, ,2026-06-02 09:14:57.000,SAR,2026-05-08 00:00:00.000,2026-05-08 00:00:00.000,,,300000001518646,Visa-2911308,"300000016780483",2026-05-08 00:00:00.000,300000003335227,300000001421038,2030,SA,MANUAL
509256,35664,Success, ,2026-06-02 09:14:56.000,SAR,2026-05-08 00:00:00.000,2026-05-08 00:00:00.000,,,300000001518644,Master-2911308,"300000016780483",2026-05-08 00:00:00.000,300000003335227,300000001421038,299,SA,MANUAL
509255,35664,Success, ,2026-06-02 09:14:56.000,SAR,2026-05-08 00:00:00.000,2026-05-08 00:00:00.000,,,300000001518646,Visa-2911301,"300000066308329",2026-05-08 00:00:00.000,300000066308496,300000001421038,1339.16,SA,MANUAL
509253,35664,Success, ,2026-06-02 09:14:55.000,SAR,2026-05-08 00:00:00.000,2026-05-08 00:00:00.000,,,300000001518644,Master-2911301,"300000066308329",2026-05-08 00:00:00.000,300000066308496,300000001421038,299,SA,MANUAL
509171,35664,Success, ,2026-06-02 09:13:03.000,SAR,2026-05-08 00:00:00.000,2026-05-08 00:00:00.000,,,300000001518646,Visa-2912178,"300000044083244",2026-05-08 00:00:00.000,300000044182834,300000001421038,1592,SA,MANUAL
509170,35664,Success, ,2026-06-02 09:13:02.000,SAR,2026-05-08 00:00:00.000,2026-05-08 00:00:00.000,,,300000001518644,Master-2912178,"300000044083244",2026-05-08 00:00:00.000,300000044182834,300000001421038,847,SA,MANUAL
509167,35664,Success, ,2026-06-02 09:12:58.000,SAR,2026-05-08 00:00:00.000,2026-05-08 00:00:00.000,,,300000001518646,Visa-2912195,"300000039834125",2026-05-08 00:00:00.000,300000040073226,300000001421038,2421,SA,MANUAL
509166,35664,Success, ,2026-06-02 09:12:57.000,SAR,2026-05-08 00:00:00.000,2026-05-08 00:00:00.000,,,300000001518644,Master-2912195,"300000039834125",2026-05-08 00:00:00.000,300000040073226,300000001421038,697,SA,MANUAL
509165,35664,Success, ,2026-06-02 09:12:56.000,SAR,2026-05-08 00:00:00.000,2026-05-08 00:00:00.000,,,300000001518646,Visa-2912176,"300000047659047",2026-05-08 00:00:00.000,300000049196397,300000001421038,3452,SA,MANUAL
509164,35664,Success, ,2026-06-02 09:12:56.000,SAR,2026-05-08 00:00:00.000,2026-05-08 00:00:00.000,,,300000001518638,Cash-2912195,"300000039834164",2026-05-08 00:00:00.000,300000040073226,300000001421038,866.01,SA,MANUAL
509163,35664,Success, ,2026-06-02 09:12:56.000,SAR,2026-05-08 00:00:00.000,2026-05-08 00:00:00.000,,,300000001518644,Master-2912176,"300000047659047",2026-05-08 00:00:00.000,300000049196397,300000001421038,79,SA,MANUAL
509162,35664,Success, ,2026-06-02 09:12:55.000,SAR,2026-05-08 00:00:00.000,2026-05-08 00:00:00.000,,,300000001518641,Mada-2912195,"300000039834125",2026-05-08 00:00:00.000,300000040073226,300000001421038,4031,SA,MANUAL
509161,35664,Success, ,2026-06-02 09:12:55.000,SAR,2026-05-08 00:00:00.000,2026-05-08 00:00:00.000,,,300000001518638,Cash-2912176,"300000047659074",2026-05-08 00:00:00.000,300000049196397,300000001421038,3111,SA,MANUAL
509160,35664,Success, ,2026-06-02 09:12:55.000,SAR,2026-05-08 00:00:00.000,2026-05-08 00:00:00.000,,,300000001518646,Visa-2912175,"300000155263154",2026-05-08 00:00:00.000,300000155263161,300000001421038,199,SA,MANUAL
509159,35664,Success, ,2026-06-02 09:12:55.000,SAR,2026-05-08 00:00:00.000,2026-05-08 00:00:00.000,,,300000001518646,Visa-2911292,"300000028360206",2026-05-08 00:00:00.000,300000028676725,300000001421038,770,SA,MANUAL
509158,35664,Success, ,2026-06-02 09:12:55.000,SAR,2026-05-08 00:00:00.000,2026-05-08 00:00:00.000,,,300000001518642,AMEX-2912185,"300000035114656",2026-05-08 00:00:00.000,300000035830267,300000001421038,660,SA,MANUAL
509157,35664,Success, ,2026-06-02 09:12:54.000,SAR,2026-05-08 00:00:00.000,2026-05-08 00:00:00.000,,,300000001518644,Master-2911292,"300000028360206",2026-05-08 00:00:00.000,300000028676725,300000001421038,1041,SA,MANUAL
509156,35664,Success, ,2026-06-02 09:12:54.000,SAR,2026-05-08 00:00:00.000,2026-05-08 00:00:00.000,,,300000001518641,Mada-2912176,"300000047659047",2026-05-08 00:00:00.000,300000049196397,300000001421038,9684,SA,MANUAL
509155,35664,Success, ,2026-06-02 09:12:54.000,SAR,2026-05-08 00:00:00.000,2026-05-08 00:00:00.000,,,300000001518646,Visa-2912185,"300000035114656",2026-05-08 00:00:00.000,300000035830267,300000001421038,399,SA,MANUAL
509154,35664,Success, ,2026-06-02 09:12:54.000,SAR,2026-05-08 00:00:00.000,2026-05-08 00:00:00.000,,,300000001518638,Cash-2912175,"300000155263148",2026-05-08 00:00:00.000,300000155263161,300000001421038,1211,SA,MANUAL
509153,35664,Success, ,2026-06-02 09:12:53.000,SAR,2026-05-08 00:00:00.000,2026-05-08 00:00:00.000,,,300000001518638,Cash-2911292,"300000028360218",2026-05-08 00:00:00.000,300000028676725,300000001421038,3256,SA,MANUAL
509151,35664,Success, ,2026-06-02 09:12:53.000,SAR,2026-05-08 00:00:00.000,2026-05-08 00:00:00.000,,,300000001518641,Mada-2912175,"300000155263154",2026-05-08 00:00:00.000,300000155263161,300000001421038,2755,SA,MANUAL
509150,35664,Success, ,2026-06-02 09:12:53.000,SAR,2026-05-08 00:00:00.000,2026-05-08 00:00:00.000,,,300000001518641,Mada-2911292,"300000028360206",2026-05-08 00:00:00.000,300000028676725,300000001421038,6247,SA,MANUAL
509149,35664,Success, ,2026-06-02 09:12:53.000,SAR,2026-05-08 00:00:00.000,2026-05-08 00:00:00.000,,,300000001518638,Cash-2912185,"300000035114621",2026-05-08 00:00:00.000,300000035830267,300000001421038,652,SA,MANUAL
509148,35664,Success, ,2026-06-02 09:12:52.000,SAR,2026-05-08 00:00:00.000,2026-05-08 00:00:00.000,,,300000001518641,Mada-2912185,"300000035114656",2026-05-08 00:00:00.000,300000035830267,300000001421038,3872,SA,MANUAL
509143,35664,Success, ,2026-06-02 09:12:30.000,SAR,2026-05-08 00:00:00.000,2026-05-08 00:00:00.000,,,300000001518638,Cash-2912183,"300000035114617",2026-05-08 00:00:00.000,300000035830252,300000001421038,1146,SA,MANUAL
509142,35664,Success, ,2026-06-02 09:12:29.000,SAR,2026-05-08 00:00:00.000,2026-05-08 00:00:00.000,,,300000001518641,Mada-2912183,"300000035114653",2026-05-08 00:00:00.000,300000035830252,300000001421038,2986,SA,MANUAL
509141,35664,Success, ,2026-06-02 09:12:29.000,SAR,2026-05-08 00:00:00.000,2026-05-08 00:00:00.000,,,300000001518646,Visa-2912182,"300000050662318",2026-05-08 00:00:00.000,300000051631411,300000001421038,573,SA,MANUAL
509140,35664,Success, ,2026-06-02 09:12:29.000,SAR,2026-05-08 00:00:00.000,2026-05-08 00:00:00.000,,,300000001518646,Visa-2912179,"300000110032545",2026-05-08 00:00:00.000,300000110233627,300000001421038,1071,SA,MANUAL
509139,35664,Success, ,2026-06-02 09:12:28.000,SAR,2026-05-08 00:00:00.000,2026-05-08 00:00:00.000,,,300000001518641,Mada-2912182,"300000050662318",2026-05-08 00:00:00.000,300000051631411,300000001421038,3050,SA,MANUAL
509138,35664,Success, ,2026-06-02 09:12:28.000,SAR,2026-05-08 00:00:00.000,2026-05-08 00:00:00.000,,,300000001518644,Master-2912179,"300000110032545",2026-05-08 00:00:00.000,300000110233627,300000001421038,299,SA,MANUAL
509137,35664,Success, ,2026-06-02 09:12:27.000,SAR,2026-05-08 00:00:00.000,2026-05-08 00:00:00.000,,,300000001518646,Visa-2911286,"300000027746380",2026-05-08 00:00:00.000,300000027552597,300000001421038,259,SA,MANUAL
509136,35664,Success, ,2026-06-02 09:12:27.000,SAR,2026-05-08 00:00:00.000,2026-05-08 00:00:00.000,,,300000001518638,Cash-2912179,"300000110032561",2026-05-08 00:00:00.000,300000110233627,300000001421038,676,SA,MANUAL
509135,35664,Success, ,2026-06-02 09:12:27.000,SAR,2026-05-08 00:00:00.000,2026-05-08 00:00:00.000,,,300000001518638,Cash-2911286,"300000027801170",2026-05-08 00:00:00.000,300000027552597,300000001421038,369,SA,MANUAL
509134,35664,Success, ,2026-06-02 09:12:27.000,SAR,2026-05-08 00:00:00.000,2026-05-08 00:00:00.000,,,300000001518641,Mada-2912179,"300000110032545",2026-05-08 00:00:00.000,300000110233627,300000001421038,5084,SA,MANUAL
509133,35664,Success, ,2026-06-02 09:12:26.000,SAR,2026-05-08 00:00:00.000,2026-05-08 00:00:00.000,,,300000001518641,Mada-2911286,"300000027746380",2026-05-08 00:00:00.000,300000027552597,300000001421038,722,SA,MANUAL
509132,35664,Success, ,2026-06-02 09:11:45.000,SAR,2026-05-08 00:00:00.000,2026-05-08 00:00:00.000,,,300000001518646,Visa-2911287,"300000016780602",2026-05-08 00:00:00.000,300000003947016,300000001421038,1475,SA,MANUAL
509131,35664,Success, ,2026-06-02 09:11:44.000,SAR,2026-05-08 00:00:00.000,2026-05-08 00:00:00.000,,,300000001518638,Cash-2911287,"300000003335888",2026-05-08 00:00:00.000,300000003947016,300000001421038,1352,SA,MANUAL
509130,35664,Success, ,2026-06-02 09:11:44.000,SAR,2026-05-08 00:00:00.000,2026-05-08 00:00:00.000,,,300000001518641,Mada-2911287,"300000016780602",2026-05-08 00:00:00.000,300000003947016,300000001421038,6393,SA,MANUAL
509129,35664,Success, ,2026-06-02 09:11:42.000,SAR,2026-05-08 00:00:00.000,2026-05-08 00:00:00.000,,,300000001518646,Visa-2912154,"300000066308321",2026-05-08 00:00:00.000,300000066308347,300000001421038,1369,SA,MANUAL
509128,35664,Success, ,2026-06-02 09:11:41.000,SAR,2026-05-08 00:00:00.000,2026-05-08 00:00:00.000,,,300000001518638,Cash-2912154,"300000066308332",2026-05-08 00:00:00.000,300000066308347,300000001421038,1813,SA,MANUAL
509127,35664,Success, ,2026-06-02 09:11:40.000,SAR,2026-05-08 00:00:00.000,2026-05-08 00:00:00.000,,,300000001518641,Mada-2912154,"300000066308321",2026-05-08 00:00:00.000,300000066308347,300000001421038,3797,SA,MANUAL
509126,35664,Success, ,2026-06-02 09:11:32.000,SAR,2026-05-08 00:00:00.000,2026-05-08 00:00:00.000,,,300000001518646,Visa-2911285,"300000016780479",2026-05-08 00:00:00.000,300000003335211,300000001421038,2714,SA,MANUAL
509125,35664,Success, ,2026-06-02 09:11:32.000,SAR,2026-05-08 00:00:00.000,2026-05-08 00:00:00.000,,,300000001518644,Master-2911285,"300000016780479",2026-05-08 00:00:00.000,300000003335211,300000001421038,125,SA,MANUAL
509124,35664,Success, ,2026-06-02 09:11:31.000,SAR,2026-05-08 00:00:00.000,2026-05-08 00:00:00.000,,,300000001518638,Cash-2911285,"300000003336222",2026-05-08 00:00:00.000,300000003335211,300000001421038,1290,SA,MANUAL
509123,35664,Success, ,2026-06-02 09:11:30.000,SAR,2026-05-08 00:00:00.000,2026-05-08 00:00:00.000,,,300000001518641,Mada-2911285,"300000016780479",2026-05-08 00:00:00.000,300000003335211,300000001421038,9786,SA,MANUAL
509121,35664,Success, ,2026-06-02 09:11:19.000,SAR,2026-05-08 00:00:00.000,2026-05-08 00:00:00.000,,,300000001518644,Master-2912174,"300000035114674",2026-05-08 00:00:00.000,300000035830374,300000001421038,299,SA,MANUAL
509120,35664,Success, ,2026-06-02 09:11:18.000,SAR,2026-05-08 00:00:00.000,2026-05-08 00:00:00.000,,,300000001518638,Cash-2912174,"300000035114641",2026-05-08 00:00:00.000,300000035830374,300000001421038,155,SA,MANUAL
509118,35664,Success, ,2026-06-02 09:11:15.000,SAR,2026-05-08 00:00:00.000,2026-05-08 00:00:00.000,,,300000001518646,Visa-2912165,"300000035114677",2026-05-08 00:00:00.000,300000035830391,300000001421038,1300,SA,MANUAL
509112,35664,Success, ,2026-06-02 09:11:13.000,SAR,2026-05-08 00:00:00.000,2026-05-08 00:00:00.000,,,300000001518646,Visa-2912161,"300000056139970",2026-05-08 00:00:00.000,300000056571480,300000001421038,55,SA,MANUAL
509111,35664,Success, ,2026-06-02 09:11:12.000,SAR,2026-05-08 00:00:00.000,2026-05-08 00:00:00.000,,,300000001518641,Mada-2912159,"300000080235506",2026-05-08 00:00:00.000,300000082211898,300000001421038,3128,SA,MANUAL
509110,35664,Success, ,2026-06-02 09:11:12.000,SAR,2026-05-08 00:00:00.000,2026-05-08 00:00:00.000,,,300000001518638,Cash-2912161,"300000056139994",2026-05-08 00:00:00.000,300000056571480,300000001421038,103,SA,MANUAL
509109,35664,Success, ,2026-06-02 09:11:11.000,SAR,2026-05-08 00:00:00.000,2026-05-08 00:00:00.000,,,300000001518641,Mada-2912161,"300000056139970",2026-05-08 00:00:00.000,300000056571480,300000001421038,2515,SA,MANUAL
509108,35664,Success, ,2026-06-02 09:11:11.000,SAR,2026-05-08 00:00:00.000,2026-05-08 00:00:00.000,,,300000001518646,Visa-2912157,"300000096820487",2026-05-08 00:00:00.000,300000099024531,300000001421038,128,SA,MANUAL
509091,35664,Success, ,2026-06-02 09:10:40.000,SAR,2026-05-08 00:00:00.000,2026-05-08 00:00:00.000,,,300000001518646,Visa-2912150,"300000050662348",2026-05-08 00:00:00.000,300000051631644,300000001421038,1051,SA,MANUAL
509089,35664,Success, ,2026-06-02 09:10:39.000,SAR,2026-05-08 00:00:00.000,2026-05-08 00:00:00.000,,,300000001518644,Master-2912150,"300000050662348",2026-05-08 00:00:00.000,300000051631644,300000001421038,799,SA,MANUAL
509088,35664,Success, ,2026-06-02 09:10:39.000,SAR,2026-05-08 00:00:00.000,2026-05-08 00:00:00.000,,,300000001518638,Cash-2912148,"300000001545576",2026-05-08 00:00:00.000,300000001545953,300000001421038,2084,SA,MANUAL
509087,35664,Success, ,2026-06-02 09:10:38.000,SAR,2026-05-08 00:00:00.000,2026-05-08 00:00:00.000,,,300000001518638,Cash-2912150,"300000050662402",2026-05-08 00:00:00.000,300000051631644,300000001421038,6844,SA,MANUAL
509252,35664,Success, ,2026-06-02 09:14:54.000,SAR,2026-05-08 00:00:00.000,2026-05-08 00:00:00.000,,,300000001518641,Mada-2911308,"300000016780483",2026-05-08 00:00:00.000,300000003335227,300000001421038,2867,SA,MANUAL
509251,35664,Success, ,2026-06-02 09:14:54.000,SAR,2026-05-08 00:00:00.000,2026-05-08 00:00:00.000,,,300000001518638,Cash-2911301,"300000066308340",2026-05-08 00:00:00.000,300000066308496,300000001421038,3593.44,SA,MANUAL
509249,35664,Success, ,2026-06-02 09:14:53.000,SAR,2026-05-08 00:00:00.000,2026-05-08 00:00:00.000,,,300000001518638,Cash-2912240,"300000156392385",2026-05-08 00:00:00.000,300000156392396,300000001421038,1323,SA,MANUAL
509248,35664,Success, ,2026-06-02 09:14:53.000,SAR,2026-05-08 00:00:00.000,2026-05-08 00:00:00.000,,,300000001518638,Cash-2912217,"300000056139955",2026-05-08 00:00:00.000,300000056571427,300000001421038,969,SA,MANUAL
509247,35664,Success, ,2026-06-02 09:14:53.000,SAR,2026-05-08 00:00:00.000,2026-05-08 00:00:00.000,,,300000001518641,Mada-2912240,"300000156392390",2026-05-08 00:00:00.000,300000156392396,300000001421038,1156,SA,MANUAL
509246,35664,Success, ,2026-06-02 09:14:52.000,SAR,2026-05-08 00:00:00.000,2026-05-08 00:00:00.000,,,300000001518641,Mada-2912217,"300000056139951",2026-05-08 00:00:00.000,300000056571427,300000001421038,3960,SA,MANUAL
509243,35664,Success, ,2026-06-02 09:14:40.000,SAR,2026-05-08 00:00:00.000,2026-05-08 00:00:00.000,,,300000001518638,Cash-2912239,"300000052482563",2026-05-08 00:00:00.000,300000052635104,300000001421038,626,SA,MANUAL
509242,35664,Success, ,2026-06-02 09:14:39.000,SAR,2026-05-08 00:00:00.000,2026-05-08 00:00:00.000,,,300000001518641,Mada-2912239,"300000052407292",2026-05-08 00:00:00.000,300000052635104,300000001421038,1865,SA,MANUAL
509241,35664,Success, ,2026-06-02 09:14:39.000,SAR,2026-05-08 00:00:00.000,2026-05-08 00:00:00.000,,,300000001518646,Visa-2912227,"300000158604409",2026-05-08 00:00:00.000,300000158776545,300000001421038,328,SA,MANUAL
509240,35664,Success, ,2026-06-02 09:14:38.000,SAR,2026-05-08 00:00:00.000,2026-05-08 00:00:00.000,,,300000001518638,Cash-2912227,"300000158604406",2026-05-08 00:00:00.000,300000158776545,300000001421038,99,SA,MANUAL
509239,35664,Success, ,2026-06-02 09:14:38.000,SAR,2026-05-08 00:00:00.000,2026-05-08 00:00:00.000,,,300000001518646,Visa-2912222,"300000056139979",2026-05-08 00:00:00.000,300000064679978,300000001421038,2,SA,MANUAL
509238,35664,Success, ,2026-06-02 09:14:38.000,SAR,2026-05-08 00:00:00.000,2026-05-08 00:00:00.000,,,300000001518641,Mada-2912227,"300000158604409",2026-05-08 00:00:00.000,300000158776545,300000001421038,2858,SA,MANUAL
509237,35664,Success, ,2026-06-02 09:14:37.000,SAR,2026-05-08 00:00:00.000,2026-05-08 00:00:00.000,,,300000001518638,Cash-2912222,"300000056277003",2026-05-08 00:00:00.000,300000064679978,300000001421038,58,SA,MANUAL
509236,35664,Success, ,2026-06-02 09:14:36.000,SAR,2026-05-08 00:00:00.000,2026-05-08 00:00:00.000,,,300000001518641,Mada-2912222,"300000056139979",2026-05-08 00:00:00.000,300000064679978,300000001421038,3842,SA,MANUAL
509235,35664,Success, ,2026-06-02 09:14:31.000,SAR,2026-05-08 00:00:00.000,2026-05-08 00:00:00.000,,,300000001518646,Visa-2912235,"300000052407283",2026-05-08 00:00:00.000,300000052635038,300000001421038,2071,SA,MANUAL
509234,35664,Success, ,2026-06-02 09:14:31.000,SAR,2026-05-08 00:00:00.000,2026-05-08 00:00:00.000,,,300000001518646,Visa-2911305,"300000131168047",2026-05-08 00:00:00.000,300000133694814,300000001421038,384,SA,MANUAL
509233,35664,Success, ,2026-06-02 09:14:31.000,SAR,2026-05-08 00:00:00.000,2026-05-08 00:00:00.000,,,300000001518646,Visa-2911304,"300000050634920",2026-05-08 00:00:00.000,300000051631314,300000001421038,290,SA,MANUAL
509232,35664,Success, ,2026-06-02 09:14:31.000,SAR,2026-05-08 00:00:00.000,2026-05-08 00:00:00.000,,,300000001518644,Master-2912235,"300000052407283",2026-05-08 00:00:00.000,300000052635038,300000001421038,3378,SA,MANUAL
509231,35664,Success, ,2026-06-02 09:14:31.000,SAR,2026-05-08 00:00:00.000,2026-05-08 00:00:00.000,,,300000001518638,Cash-2911305,"300000131004934",2026-05-08 00:00:00.000,300000133694814,300000001421038,1518,SA,MANUAL
509230,35664,Success, ,2026-06-02 09:14:30.000,SAR,2026-05-08 00:00:00.000,2026-05-08 00:00:00.000,,,300000001518644,Master-2911304,"300000050634920",2026-05-08 00:00:00.000,300000051631314,300000001421038,259,SA,MANUAL
509229,35664,Success, ,2026-06-02 09:14:30.000,SAR,2026-05-08 00:00:00.000,2026-05-08 00:00:00.000,,,300000001518638,Cash-2912235,"300000052482554",2026-05-08 00:00:00.000,300000052635038,300000001421038,9914,SA,MANUAL
509228,35664,Success, ,2026-06-02 09:14:30.000,SAR,2026-05-08 00:00:00.000,2026-05-08 00:00:00.000,,,300000001518641,Mada-2911305,"300000131168047",2026-05-08 00:00:00.000,300000133694814,300000001421038,1932,SA,MANUAL
509227,35664,Success, ,2026-06-02 09:14:30.000,SAR,2026-05-08 00:00:00.000,2026-05-08 00:00:00.000,,,300000001518638,Cash-2911304,"300000050634924",2026-05-08 00:00:00.000,300000051631314,300000001421038,1761,SA,MANUAL
509226,35664,Success, ,2026-06-02 09:14:29.000,SAR,2026-05-08 00:00:00.000,2026-05-08 00:00:00.000,,,300000001518641,Mada-2912235,"300000052407283",2026-05-08 00:00:00.000,300000052635038,300000001421038,997,SA,MANUAL
509225,35664,Success, ,2026-06-02 09:14:29.000,SAR,2026-05-08 00:00:00.000,2026-05-08 00:00:00.000,,,300000001518641,Mada-2911304,"300000050634920",2026-05-08 00:00:00.000,300000051631314,300000001421038,5399,SA,MANUAL
509214,35664,Success, ,2026-06-02 09:14:02.000,SAR,2026-05-08 00:00:00.000,2026-05-08 00:00:00.000,,,300000001518646,Visa-2912206,"300000056139967",2026-05-08 00:00:00.000,300000059418310,300000001421038,468,SA,MANUAL
509213,35664,Success, ,2026-06-02 09:14:01.000,SAR,2026-05-08 00:00:00.000,2026-05-08 00:00:00.000,,,300000001518646,Visa-2912198,"300000016780609",2026-05-08 00:00:00.000,300000001545933,300000001421038,4386,SA,MANUAL
509212,35664,Success, ,2026-06-02 09:14:01.000,SAR,2026-05-08 00:00:00.000,2026-05-08 00:00:00.000,,,300000001518638,Cash-2912206,"300000056139991",2026-05-08 00:00:00.000,300000059418310,300000001421038,1572,SA,MANUAL
509211,35664,Success, ,2026-06-02 09:14:01.000,SAR,2026-05-08 00:00:00.000,2026-05-08 00:00:00.000,,,300000001518642,AMEX-2912209,"300000039834130",2026-05-08 00:00:00.000,300000040073247,300000001421038,160,SA,MANUAL
509209,35664,Success, ,2026-06-02 09:14:00.000,SAR,2026-05-08 00:00:00.000,2026-05-08 00:00:00.000,,,300000001518641,Mada-2912206,"300000056139967",2026-05-08 00:00:00.000,300000059418310,300000001421038,4999,SA,MANUAL
509208,35664,Success, ,2026-06-02 09:14:00.000,SAR,2026-05-08 00:00:00.000,2026-05-08 00:00:00.000,,,300000001518646,Visa-2912209,"300000039834130",2026-05-08 00:00:00.000,300000040073247,300000001421038,2860,SA,MANUAL
509207,35664,Success, ,2026-06-02 09:14:00.000,SAR,2026-05-08 00:00:00.000,2026-05-08 00:00:00.000,,,300000001518638,Cash-2912198,"300000001545566",2026-05-08 00:00:00.000,300000001545933,300000001421038,3583,SA,MANUAL
509206,35664,Success, ,2026-06-02 09:13:59.000,SAR,2026-05-08 00:00:00.000,2026-05-08 00:00:00.000,,,300000001518644,Master-2912209,"300000039834130",2026-05-08 00:00:00.000,300000040073247,300000001421038,1093,SA,MANUAL
509205,35664,Success, ,2026-06-02 09:13:59.000,SAR,2026-05-08 00:00:00.000,2026-05-08 00:00:00.000,,,300000001518641,Mada-2912198,"300000016780609",2026-05-08 00:00:00.000,300000001545933,300000001421038,7381,SA,MANUAL
509204,35664,Success, ,2026-06-02 09:13:58.000,SAR,2026-05-08 00:00:00.000,2026-05-08 00:00:00.000,,,300000001518638,Cash-2912209,"300000039834170",2026-05-08 00:00:00.000,300000040073247,300000001421038,1186,SA,MANUAL
509203,35664,Success, ,2026-06-02 09:13:58.000,SAR,2026-05-08 00:00:00.000,2026-05-08 00:00:00.000,,,300000001518641,Mada-2912209,"300000039834130",2026-05-08 00:00:00.000,300000040073247,300000001421038,4884,SA,MANUAL
509202,35664,Success, ,2026-06-02 09:13:50.000,SAR,2026-05-08 00:00:00.000,2026-05-08 00:00:00.000,,,300000001518646,Visa-2912208,"300000171373306",2026-05-08 00:00:00.000,300000178969320,300000001421038,1354,SA,MANUAL
509201,35664,Success, ,2026-06-02 09:13:49.000,SAR,2026-05-08 00:00:00.000,2026-05-08 00:00:00.000,,,300000001518644,Master-2912208,"300000171373306",2026-05-08 00:00:00.000,300000178969320,300000001421038,199,SA,MANUAL
509200,35664,Success, ,2026-06-02 09:13:49.000,SAR,2026-05-08 00:00:00.000,2026-05-08 00:00:00.000,,,300000001518638,Cash-2912208,"300000171373302",2026-05-08 00:00:00.000,300000178969320,300000001421038,838,SA,MANUAL
509199,35664,Success, ,2026-06-02 09:13:48.000,SAR,2026-05-08 00:00:00.000,2026-05-08 00:00:00.000,,,300000001518641,Mada-2912208,"300000171373306",2026-05-08 00:00:00.000,300000178969320,300000001421038,5596,SA,MANUAL
509192,35664,Success, ,2026-06-02 09:13:31.000,SAR,2026-05-08 00:00:00.000,2026-05-08 00:00:00.000,,,300000001518641,Mada-2912218,"300000016779087",2026-05-08 00:00:00.000,300000001576109,300000001421038,2648,SA,MANUAL
509191,35664,Success, ,2026-06-02 09:13:28.000,SAR,2026-05-08 00:00:00.000,2026-05-08 00:00:00.000,,,300000001518646,Visa-2912204,"300000180252233",2026-05-08 00:00:00.000,300000180252246,300000001421038,2416,SA,MANUAL
509190,35664,Success, ,2026-06-02 09:13:28.000,SAR,2026-05-08 00:00:00.000,2026-05-08 00:00:00.000,,,300000001518644,Master-2912204,"300000180252233",2026-05-08 00:00:00.000,300000180252246,300000001421038,346,SA,MANUAL
509188,35664,Success, ,2026-06-02 09:13:24.000,SAR,2026-05-08 00:00:00.000,2026-05-08 00:00:00.000,,,300000001518646,Visa-2912197,"300000048528249",2026-05-08 00:00:00.000,300000049198890,300000001421038,1504,SA,MANUAL
509187,35664,Success, ,2026-06-02 09:13:23.000,SAR,2026-05-08 00:00:00.000,2026-05-08 00:00:00.000,,,300000001518638,Cash-2912197,"300000048528255",2026-05-08 00:00:00.000,300000049198890,300000001421038,793,SA,MANUAL
509186,35664,Success, ,2026-06-02 09:13:23.000,SAR,2026-05-08 00:00:00.000,2026-05-08 00:00:00.000,,,300000001518646,Visa-2912187,"300000050662351",2026-05-08 00:00:00.000,300000051631659,300000001421038,1613,SA,MANUAL
509185,35664,Success, ,2026-06-02 09:13:23.000,SAR,2026-05-08 00:00:00.000,2026-05-08 00:00:00.000,,,300000001518641,Mada-2912197,"300000048528249",2026-05-08 00:00:00.000,300000049198890,300000001421038,5350,SA,MANUAL
509184,35664,Success, ,2026-06-02 09:13:23.000,SAR,2026-05-08 00:00:00.000,2026-05-08 00:00:00.000,,,300000001518646,Visa-2912188,"300000050662312",2026-05-08 00:00:00.000,300000051631380,300000001421038,199,SA,MANUAL
509183,35664,Success, ,2026-06-02 09:13:23.000,SAR,2026-05-08 00:00:00.000,2026-05-08 00:00:00.000,,,300000001518638,Cash-2912187,"300000050662405",2026-05-08 00:00:00.000,300000051631659,300000001421038,1099,SA,MANUAL
509181,35664,Success, ,2026-06-02 09:13:22.000,SAR,2026-05-08 00:00:00.000,2026-05-08 00:00:00.000,,,300000001518641,Mada-2912187,"300000050662351",2026-05-08 00:00:00.000,300000051631659,300000001421038,5210,SA,MANUAL
509180,35664,Success, ,2026-06-02 09:13:22.000,SAR,2026-05-08 00:00:00.000,2026-05-08 00:00:00.000,,,300000001518642,AMEX-2911293,"300000016779062",2026-05-08 00:00:00.000,300000001576013,300000001421038,174,SA,MANUAL
509179,35664,Success, ,2026-06-02 09:13:21.000,SAR,2026-05-08 00:00:00.000,2026-05-08 00:00:00.000,,,300000001518641,Mada-2912188,"300000050662312",2026-05-08 00:00:00.000,300000051631380,300000001421038,2967,SA,MANUAL
509178,35664,Success, ,2026-06-02 09:13:21.000,SAR,2026-05-08 00:00:00.000,2026-05-08 00:00:00.000,,,300000001518646,Visa-2911293,"300000016779062",2026-05-08 00:00:00.000,300000001576013,300000001421038,3764,SA,MANUAL
509086,35664,Success, ,2026-06-02 09:10:38.000,SAR,2026-05-08 00:00:00.000,2026-05-08 00:00:00.000,,,300000001518641,Mada-2912148,"300000016780360",2026-05-08 00:00:00.000,300000001545953,300000001421038,10472,SA,MANUAL
509085,35664,Success, ,2026-06-02 09:10:38.000,SAR,2026-05-08 00:00:00.000,2026-05-08 00:00:00.000,,,300000001518641,Mada-2912150,"300000050662348",2026-05-08 00:00:00.000,300000051631644,300000001421038,1302,SA,MANUAL
509084,35664,Success, ,2026-06-02 09:10:36.000,SAR,2026-05-08 00:00:00.000,2026-05-08 00:00:00.000,,,300000001518646,Visa-2912147,"300000050405120",2026-05-08 00:00:00.000,300000050648967,300000001421038,4115.16,SA,MANUAL
509083,35664,Success, ,2026-06-02 09:10:35.000,SAR,2026-05-08 00:00:00.000,2026-05-08 00:00:00.000,,,300000001518644,Master-2912147,"300000050405120",2026-05-08 00:00:00.000,300000050648967,300000001421038,20,SA,MANUAL
509082,35664,Success, ,2026-06-02 09:10:34.000,SAR,2026-05-08 00:00:00.000,2026-05-08 00:00:00.000,,,300000001518638,Cash-2912147,"300000050405123",2026-05-08 00:00:00.000,300000050648967,300000001421038,7181.89,SA,MANUAL
509081,35664,Success, ,2026-06-02 09:10:34.000,SAR,2026-05-08 00:00:00.000,2026-05-08 00:00:00.000,,,300000001518641,Mada-2912147,"300000050405120",2026-05-08 00:00:00.000,300000050648967,300000001421038,2599,SA,MANUAL
509080,35664,Success, ,2026-06-02 09:10:31.000,SAR,2026-05-08 00:00:00.000,2026-05-08 00:00:00.000,,,300000001518646,Visa-2912145,"300000050662345",2026-05-08 00:00:00.000,300000051631629,300000001421038,2253,SA,MANUAL
509079,35664,Success, ,2026-06-02 09:10:31.000,SAR,2026-05-08 00:00:00.000,2026-05-08 00:00:00.000,,,300000001518644,Master-2912145,"300000050662345",2026-05-08 00:00:00.000,300000051631629,300000001421038,199,SA,MANUAL
509078,35664,Success, ,2026-06-02 09:10:30.000,SAR,2026-05-08 00:00:00.000,2026-05-08 00:00:00.000,,,300000001518638,Cash-2912145,"300000050662399",2026-05-08 00:00:00.000,300000051631629,300000001421038,544,SA,MANUAL
509077,35664,Success, ,2026-06-02 09:10:29.000,SAR,2026-05-08 00:00:00.000,2026-05-08 00:00:00.000,,,300000001518641,Mada-2912145,"300000050662345",2026-05-08 00:00:00.000,300000051631629,300000001421038,3614,SA,MANUAL
509033,35664,Success, ,2026-06-02 09:08:57.000,SAR,2026-05-08 00:00:00.000,2026-05-08 00:00:00.000,,,300000001518644,Master-2911271,"300000016780596",2026-05-08 00:00:00.000,300000002564383,300000001421038,646,SA,MANUAL
509032,35664,Success, ,2026-06-02 09:08:56.000,SAR,2026-05-08 00:00:00.000,2026-05-08 00:00:00.000,,,300000001518638,Cash-2911271,"300000002399858",2026-05-08 00:00:00.000,300000002564383,300000001421038,1575,SA,MANUAL
509031,35664,Success, ,2026-06-02 09:08:55.000,SAR,2026-05-08 00:00:00.000,2026-05-08 00:00:00.000,,,300000001518641,Mada-2911271,"300000016780596",2026-05-08 00:00:00.000,300000002564383,300000001421038,5260,SA,MANUAL
509030,35664,Success, ,2026-06-02 09:08:53.000,SAR,2026-05-08 00:00:00.000,2026-05-08 00:00:00.000,,,300000001518646,Visa-2912139,"300000073517395",2026-05-08 00:00:00.000,300000073517445,300000001421038,996,SA,MANUAL
509029,35664,Success, ,2026-06-02 09:08:53.000,SAR,2026-05-08 00:00:00.000,2026-05-08 00:00:00.000,,,300000001518644,Master-2912139,"300000073517395",2026-05-08 00:00:00.000,300000073517445,300000001421038,285,SA,MANUAL
509028,35664,Success, ,2026-06-02 09:08:52.000,SAR,2026-05-08 00:00:00.000,2026-05-08 00:00:00.000,,,300000001518638,Cash-2912139,"300000073517383",2026-05-08 00:00:00.000,300000073517445,300000001421038,614,SA,MANUAL
509027,35664,Success, ,2026-06-02 09:08:51.000,SAR,2026-05-08 00:00:00.000,2026-05-08 00:00:00.000,,,300000001518641,Mada-2912139,"300000073517395",2026-05-08 00:00:00.000,300000073517445,300000001421038,4277,SA,MANUAL
509026,35664,Success, ,2026-06-02 09:08:44.000,SAR,2026-05-08 00:00:00.000,2026-05-08 00:00:00.000,,,300000001518646,Visa-2911269,"300000050662342",2026-05-08 00:00:00.000,300000051631614,300000001421038,1075,SA,MANUAL
509025,35664,Success, ,2026-06-02 09:08:43.000,SAR,2026-05-08 00:00:00.000,2026-05-08 00:00:00.000,,,300000001518644,Master-2911269,"300000050662342",2026-05-08 00:00:00.000,300000051631614,300000001421038,1642,SA,MANUAL
509024,35664,Success, ,2026-06-02 09:08:42.000,SAR,2026-05-08 00:00:00.000,2026-05-08 00:00:00.000,,,300000001518638,Cash-2911269,"300000050662396",2026-05-08 00:00:00.000,300000051631614,300000001421038,1715,SA,MANUAL
509023,35664,Success, ,2026-06-02 09:08:41.000,SAR,2026-05-08 00:00:00.000,2026-05-08 00:00:00.000,,,300000001518641,Mada-2911269,"300000050662342",2026-05-08 00:00:00.000,300000051631614,300000001421038,812,SA,MANUAL
509022,35664,Success, ,2026-06-02 09:08:40.000,SAR,2026-05-08 00:00:00.000,2026-05-08 00:00:00.000,,,300000001518646,Visa-2912137,"300000027775087",2026-05-08 00:00:00.000,300000027552503,300000001421038,222,SA,MANUAL
509021,35664,Success, ,2026-06-02 09:08:39.000,SAR,2026-05-08 00:00:00.000,2026-05-08 00:00:00.000,,,300000001518638,Cash-2912137,"300000027801049",2026-05-08 00:00:00.000,300000027552503,300000001421038,3629,SA,MANUAL
509020,35664,Success, ,2026-06-02 09:08:38.000,SAR,2026-05-08 00:00:00.000,2026-05-08 00:00:00.000,,,300000001518641,Mada-2912137,"300000027775087",2026-05-08 00:00:00.000,300000027552503,300000001421038,687,SA,MANUAL
509019,35664,Success, ,2026-06-02 09:08:36.000,SAR,2026-05-08 00:00:00.000,2026-05-08 00:00:00.000,,,300000001518646,Visa-2912134,"300000113282133",2026-05-08 00:00:00.000,300000113628065,300000001421038,335,SA,MANUAL
509017,35664,Success, ,2026-06-02 09:08:34.000,SAR,2026-05-08 00:00:00.000,2026-05-08 00:00:00.000,,,300000001518641,Mada-2912134,"300000113282133",2026-05-08 00:00:00.000,300000113628065,300000001421038,608,SA,MANUAL
509016,35663,Success, ,2026-06-02 09:07:56.000,SAR,2026-05-08 00:00:00.000,2026-05-08 00:00:00.000,,,300000001518646,Visa-2912123,"300000056128898",2026-05-08 00:00:00.000,300000056571443,300000001421038,199,SA,MANUAL
509015,35663,Success, ,2026-06-02 09:07:55.000,SAR,2026-05-08 00:00:00.000,2026-05-08 00:00:00.000,,,300000001518644,Master-2912123,"300000056128898",2026-05-08 00:00:00.000,300000056571443,300000001421038,299,SA,MANUAL
509014,35663,Success, ,2026-06-02 09:07:54.000,SAR,2026-05-08 00:00:00.000,2026-05-08 00:00:00.000,,,300000001518638,Cash-2912123,"300000056128901",2026-05-08 00:00:00.000,300000056571443,300000001421038,5990,SA,MANUAL
509013,35663,Success, ,2026-06-02 09:07:54.000,SAR,2026-05-08 00:00:00.000,2026-05-08 00:00:00.000,,,300000001518646,Visa-2911265,"300000050662028",2026-05-08 00:00:00.000,300000051628019,300000001421038,54,SA,MANUAL
509012,35663,Success, ,2026-06-02 09:07:54.000,SAR,2026-05-08 00:00:00.000,2026-05-08 00:00:00.000,,,300000001518646,Visa-2912121,"300000062857219",2026-05-08 00:00:00.000,300000062857247,300000001421038,3915,SA,MANUAL
509011,35663,Success, ,2026-06-02 09:07:54.000,SAR,2026-05-08 00:00:00.000,2026-05-08 00:00:00.000,,,300000001518641,Mada-2912123,"300000056128898",2026-05-08 00:00:00.000,300000056571443,300000001421038,8498,SA,MANUAL
509010,35663,Success, ,2026-06-02 09:07:53.000,SAR,2026-05-08 00:00:00.000,2026-05-08 00:00:00.000,,,300000001518638,Cash-2911265,"300000050662052",2026-05-08 00:00:00.000,300000051628019,300000001421038,857,SA,MANUAL
509009,35663,Success, ,2026-06-02 09:07:53.000,SAR,2026-05-08 00:00:00.000,2026-05-08 00:00:00.000,,,300000001518644,Master-2912121,"300000062857219",2026-05-08 00:00:00.000,300000062857247,300000001421038,2878,SA,MANUAL
509008,35663,Success, ,2026-06-02 09:07:53.000,SAR,2026-05-08 00:00:00.000,2026-05-08 00:00:00.000,,,300000001518641,Mada-2911265,"300000050662028",2026-05-08 00:00:00.000,300000051628019,300000001421038,4463,SA,MANUAL
509007,35663,Success, ,2026-06-02 09:07:52.000,SAR,2026-05-08 00:00:00.000,2026-05-08 00:00:00.000,,,300000001518638,Cash-2912121,"300000059028959",2026-05-08 00:00:00.000,300000062857247,300000001421038,3353,SA,MANUAL
509006,35663,Success, ,2026-06-02 09:07:52.000,SAR,2026-05-08 00:00:00.000,2026-05-08 00:00:00.000,,,300000001518646,Visa-2912114,"300000047659036",2026-05-08 00:00:00.000,300000049196358,300000001421038,1335,SA,MANUAL
509005,35663,Success, ,2026-06-02 09:07:51.000,SAR,2026-05-08 00:00:00.000,2026-05-08 00:00:00.000,,,300000001518641,Mada-2912121,"300000062857219",2026-05-08 00:00:00.000,300000062857247,300000001421038,8131,SA,MANUAL
509004,35663,Success, ,2026-06-02 09:07:51.000,SAR,2026-05-08 00:00:00.000,2026-05-08 00:00:00.000,,,300000001518644,Master-2912114,"300000047659036",2026-05-08 00:00:00.000,300000049196358,300000001421038,359,SA,MANUAL
508995,35663,Success, ,2026-06-02 09:07:47.000,SAR,2026-05-08 00:00:00.000,2026-05-08 00:00:00.000,,,300000001518644,Master-2912122,"300000050662354",2026-05-08 00:00:00.000,300000051631674,300000001421038,946,SA,MANUAL
508994,35663,Success, ,2026-06-02 09:07:47.000,SAR,2026-05-08 00:00:00.000,2026-05-08 00:00:00.000,,,300000001518644,Master-2912120,"300000016780337",2026-05-08 00:00:00.000,300000001576045,300000001421038,498,SA,MANUAL
508993,35663,Success, ,2026-06-02 09:07:47.000,SAR,2026-05-08 00:00:00.000,2026-05-08 00:00:00.000,,,300000001518638,Cash-2912122,"300000050662408",2026-05-08 00:00:00.000,300000051631674,300000001421038,3782,SA,MANUAL
508976,35663,Success, ,2026-06-02 09:06:55.000,SAR,2026-05-08 00:00:00.000,2026-05-08 00:00:00.000,,,300000001518646,Visa-2911263,"300000050662308",2026-05-08 00:00:00.000,300000051631363,300000001421038,881,SA,MANUAL
508975,35663,Success, ,2026-06-02 09:06:54.000,SAR,2026-05-08 00:00:00.000,2026-05-08 00:00:00.000,,,300000001518641,Mada-2912115,"300000073517392",2026-05-08 00:00:00.000,300000073517428,300000001421038,1358,SA,MANUAL
508974,35663,Success, ,2026-06-02 09:06:54.000,SAR,2026-05-08 00:00:00.000,2026-05-08 00:00:00.000,,,300000001518644,Master-2911263,"300000050662308",2026-05-08 00:00:00.000,300000051631363,300000001421038,192,SA,MANUAL
508972,35663,Success, ,2026-06-02 09:06:53.000,SAR,2026-05-08 00:00:00.000,2026-05-08 00:00:00.000,,,300000001518641,Mada-2911263,"300000050662308",2026-05-08 00:00:00.000,300000051631363,300000001421038,5383,SA,MANUAL
508971,35663,Success, ,2026-06-02 09:06:46.000,SAR,2026-05-08 00:00:00.000,2026-05-08 00:00:00.000,,,300000001518646,Visa-2911262,"300000097074419",2026-05-08 00:00:00.000,300000110330367,300000001421038,996,SA,MANUAL
508970,35663,Success, ,2026-06-02 09:06:45.000,SAR,2026-05-08 00:00:00.000,2026-05-08 00:00:00.000,,,300000001518638,Cash-2911262,"300000097074448",2026-05-08 00:00:00.000,300000110330367,300000001421038,946,SA,MANUAL
508969,35663,Success, ,2026-06-02 09:06:45.000,SAR,2026-05-08 00:00:00.000,2026-05-08 00:00:00.000,,,300000001518641,Mada-2911262,"300000097074419",2026-05-08 00:00:00.000,300000110330367,300000001421038,1004,SA,MANUAL
508968,35663,Success, ,2026-06-02 09:06:37.000,SAR,2026-05-08 00:00:00.000,2026-05-08 00:00:00.000,,,300000001518646,Visa-2912112,"300000178411687",2026-05-08 00:00:00.000,300000177628027,300000001421038,160,SA,MANUAL
508967,35663,Success, ,2026-06-02 09:06:36.000,SAR,2026-05-08 00:00:00.000,2026-05-08 00:00:00.000,,,300000001518644,Master-2912111,"300000202740467",2026-05-08 00:00:00.000,300000202740496,300000001421038,596,SA,MANUAL
508966,35663,Success, ,2026-06-02 09:06:36.000,SAR,2026-05-08 00:00:00.000,2026-05-08 00:00:00.000,,,300000001518638,Cash-2912112,"300000178411684",2026-05-08 00:00:00.000,300000177628027,300000001421038,344,SA,MANUAL
508965,35663,Success, ,2026-06-02 09:06:35.000,SAR,2026-05-08 00:00:00.000,2026-05-08 00:00:00.000,,,300000001518638,Cash-2912111,"300000202740462",2026-05-08 00:00:00.000,300000202740496,300000001421038,637,SA,MANUAL
508829,35660,Success, ,2026-06-02 07:45:04.000,SAR,2026-05-08 00:00:00.000,2026-05-08 00:00:00.000,,,300000001518646,Visa-2912047,"300000118410627",2026-05-08 00:00:00.000,300000120419613,300000001421038,2757,SA,MANUAL
508827,35660,Success, ,2026-06-02 07:45:02.000,SAR,2026-05-08 00:00:00.000,2026-05-08 00:00:00.000,,,300000001518638,Cash-2912047,"300000118410688",2026-05-08 00:00:00.000,300000120419613,300000001421038,1476,SA,MANUAL
508825,35660,Success, ,2026-06-02 07:44:38.000,SAR,2026-05-08 00:00:00.000,2026-05-08 00:00:00.000,,,300000001518646,Visa-2912046,"300000016780585",2026-05-08 00:00:00.000,300000003335944,300000001421038,1047,SA,MANUAL
508822,35660,Success, ,2026-06-02 07:44:31.000,SAR,2026-05-08 00:00:00.000,2026-05-08 00:00:00.000,,,300000001518646,Visa-2912039,"300000075144780",2026-05-08 00:00:00.000,300000080849307,300000001421038,573,SA,MANUAL
508821,35660,Success, ,2026-06-02 07:44:30.000,SAR,2026-05-08 00:00:00.000,2026-05-08 00:00:00.000,,,300000001518644,Master-2912039,"300000075144780",2026-05-08 00:00:00.000,300000080849307,300000001421038,1120,SA,MANUAL
508819,35660,Success, ,2026-06-02 07:44:29.000,SAR,2026-05-08 00:00:00.000,2026-05-08 00:00:00.000,,,300000001518641,Mada-2912039,"300000075144780",2026-05-08 00:00:00.000,300000080849307,300000001421038,7103,SA,MANUAL
508817,35660,Success, ,2026-06-02 07:44:25.000,SAR,2026-05-08 00:00:00.000,2026-05-08 00:00:00.000,,,300000001518644,Master-2912033,"300000039834122",2026-05-08 00:00:00.000,300000040073188,300000001421038,199,SA,MANUAL
508816,35660,Success, ,2026-06-02 07:44:25.000,SAR,2026-05-08 00:00:00.000,2026-05-08 00:00:00.000,,,300000001518646,Visa-2912038,"300000017584237",2026-05-08 00:00:00.000,300000017583361,300000001421038,260,SA,MANUAL
508813,35660,Success, ,2026-06-02 07:44:24.000,SAR,2026-05-08 00:00:00.000,2026-05-08 00:00:00.000,,,300000001518646,Visa-2911225,"300000016780340",2026-05-08 00:00:00.000,300000001576078,300000001421038,1412,SA,MANUAL
508812,35660,Success, ,2026-06-02 07:44:24.000,SAR,2026-05-08 00:00:00.000,2026-05-08 00:00:00.000,,,300000001518641,Mada-2912033,"300000039834122",2026-05-08 00:00:00.000,300000040073188,300000001421038,4804,SA,MANUAL
508811,35660,Success, ,2026-06-02 07:44:23.000,SAR,2026-05-08 00:00:00.000,2026-05-08 00:00:00.000,,,300000001518638,Cash-2912038,"300000017583353",2026-05-08 00:00:00.000,300000017583361,300000001421038,2479,SA,MANUAL
508810,35660,Success, ,2026-06-02 07:44:23.000,SAR,2026-05-08 00:00:00.000,2026-05-08 00:00:00.000,,,300000001518644,Master-2911225,"300000016780340",2026-05-08 00:00:00.000,300000001576078,300000001421038,773,SA,MANUAL
508809,35660,Success, ,2026-06-02 07:44:23.000,SAR,2026-05-08 00:00:00.000,2026-05-08 00:00:00.000,,,300000001518641,Mada-2912038,"300000017584237",2026-05-08 00:00:00.000,300000017583361,300000001421038,4459,SA,MANUAL
508808,35660,Success, ,2026-06-02 07:44:22.000,SAR,2026-05-08 00:00:00.000,2026-05-08 00:00:00.000,,,300000001518638,Cash-2911225,"300000001573444",2026-05-08 00:00:00.000,300000001576078,300000001421038,1813,SA,MANUAL
508807,35660,Success, ,2026-06-02 07:44:21.000,SAR,2026-05-08 00:00:00.000,2026-05-08 00:00:00.000,,,300000001518641,Mada-2911225,"300000016780340",2026-05-08 00:00:00.000,300000001576078,300000001421038,5201,SA,MANUAL
508806,35660,Success, ,2026-06-02 07:44:04.000,SAR,2026-05-08 00:00:00.000,2026-05-08 00:00:00.000,,,300000001518646,Visa-2912037,"300000035114668",2026-05-08 00:00:00.000,300000035830339,300000001421038,2140,SA,MANUAL
508796,35660,Success, ,2026-06-02 07:44:00.000,SAR,2026-05-08 00:00:00.000,2026-05-08 00:00:00.000,,,300000001518646,Visa-2912031,"300000016779076",2026-05-08 00:00:00.000,300000002564369,300000001421038,1695,SA,MANUAL
508789,35660,Success, ,2026-06-02 07:43:59.000,SAR,2026-05-08 00:00:00.000,2026-05-08 00:00:00.000,,,300000001518644,Master-2911227,"300000035114665",2026-05-08 00:00:00.000,300000035830321,300000001421038,299,SA,MANUAL
508788,35660,Success, ,2026-06-02 07:43:58.000,SAR,2026-05-08 00:00:00.000,2026-05-08 00:00:00.000,,,300000001518638,Cash-2912023,"300000158604426",2026-05-08 00:00:00.000,300000158776674,300000001421038,1300,SA,MANUAL
508787,35660,Success, ,2026-06-02 07:43:58.000,SAR,2026-05-08 00:00:00.000,2026-05-08 00:00:00.000,,,300000001518641,Mada-2912031,"300000016779076",2026-05-08 00:00:00.000,300000002564369,300000001421038,7271,SA,MANUAL
508785,35660,Success, ,2026-06-02 07:43:57.000,SAR,2026-05-08 00:00:00.000,2026-05-08 00:00:00.000,,,300000001518641,Mada-2912023,"300000212640475",2026-05-08 00:00:00.000,300000158776674,300000001421038,2213,SA,MANUAL
508784,35660,Success, ,2026-06-02 07:43:57.000,SAR,2026-05-08 00:00:00.000,2026-05-08 00:00:00.000,,,300000001518641,Mada-2911227,"300000035114665",2026-05-08 00:00:00.000,300000035830321,300000001421038,2833,SA,MANUAL
508783,35660,Success, ,2026-06-02 07:43:38.000,SAR,2026-05-08 00:00:00.000,2026-05-08 00:00:00.000,,,300000001518646,Visa-2912025,"300000016779072",2026-05-08 00:00:00.000,300000001576030,300000001421038,1488.1,SA,MANUAL
508781,35660,Success, ,2026-06-02 07:43:37.000,SAR,2026-05-08 00:00:00.000,2026-05-08 00:00:00.000,,,300000001518644,Master-2912025,"300000016779072",2026-05-08 00:00:00.000,300000001576030,300000001421038,957.09,SA,MANUAL
508780,35660,Success, ,2026-06-02 07:43:37.000,SAR,2026-05-08 00:00:00.000,2026-05-08 00:00:00.000,,,300000001518644,Master-2912024,"300000158604480",2026-05-08 00:00:00.000,300000158776992,300000001421038,298.01,SA,MANUAL
508779,35660,Success, ,2026-06-02 07:43:37.000,SAR,2026-05-08 00:00:00.000,2026-05-08 00:00:00.000,,,300000001518638,Cash-2912025,"300000001573435",2026-05-08 00:00:00.000,300000001576030,300000001421038,1233.15,SA,MANUAL
508778,35660,Success, ,2026-06-02 07:43:36.000,SAR,2026-05-08 00:00:00.000,2026-05-08 00:00:00.000,,,300000001518638,Cash-2912024,"300000158604477",2026-05-08 00:00:00.000,300000158776992,300000001421038,5785,SA,MANUAL
508777,35660,Success, ,2026-06-02 07:43:36.000,SAR,2026-05-08 00:00:00.000,2026-05-08 00:00:00.000,,,300000001518641,Mada-2912025,"300000016779072",2026-05-08 00:00:00.000,300000001576030,300000001421038,3357.32,SA,MANUAL
508776,35660,Success, ,2026-06-02 07:43:35.000,SAR,2026-05-08 00:00:00.000,2026-05-08 00:00:00.000,,,300000001518641,Mada-2912024,"300000158604480",2026-05-08 00:00:00.000,300000158776992,300000001421038,3520.27,SA,MANUAL
508750,35660,Success, ,2026-06-02 07:42:33.000,SAR,2026-05-08 00:00:00.000,2026-05-08 00:00:00.000,,,300000001518641,Mada-2912019,"300000050662321",2026-05-08 00:00:00.000,300000051631426,300000001421038,2655,SA,MANUAL
508746,35660,Success, ,2026-06-02 07:42:26.000,SAR,2026-05-08 00:00:00.000,2026-05-08 00:00:00.000,,,300000001518641,Mada-2912018,"300000052407295",2026-05-08 00:00:00.000,300000052635119,300000001421038,3581,SA,MANUAL
508745,35660,Success, ,2026-06-02 07:42:22.000,SAR,2026-05-08 00:00:00.000,2026-05-08 00:00:00.000,,,300000001518641,Mada-2912015,"300000062388622",2026-05-08 00:00:00.000,300000062388957,300000001421038,1195,SA,MANUAL
508743,35660,Success, ,2026-06-02 07:42:15.000,SAR,2026-05-08 00:00:00.000,2026-05-08 00:00:00.000,,,300000001518641,Mada-2911218,"300000056139976",2026-05-08 00:00:00.000,300000073517413,300000001421038,984,SA,MANUAL
508964,35663,Success, ,2026-06-02 09:06:35.000,SAR,2026-05-08 00:00:00.000,2026-05-08 00:00:00.000,,,300000001518638,Cash-2911260,"300000202684869",2026-05-08 00:00:00.000,300000202740370,300000001421038,189,SA,MANUAL
508963,35663,Success, ,2026-06-02 09:06:35.000,SAR,2026-05-08 00:00:00.000,2026-05-08 00:00:00.000,,,300000001518641,Mada-2912112,"300000178411687",2026-05-08 00:00:00.000,300000177628027,300000001421038,2656,SA,MANUAL
508962,35663,Success, ,2026-06-02 09:06:35.000,SAR,2026-05-08 00:00:00.000,2026-05-08 00:00:00.000,,,300000001518641,Mada-2912111,"300000202740467",2026-05-08 00:00:00.000,300000202740496,300000001421038,1103,SA,MANUAL
508961,35663,Success, ,2026-06-02 09:06:33.000,SAR,2026-05-08 00:00:00.000,2026-05-08 00:00:00.000,,,300000001518641,Mada-2911260,"300000202684897",2026-05-08 00:00:00.000,300000202740370,300000001421038,500,SA,MANUAL
508902,35661,Success, ,2026-06-02 08:37:21.000,SAR,2026-05-08 00:00:00.000,2026-05-08 00:00:00.000,,,300000001518646,Visa-2912082,"300000131168053",2026-05-08 00:00:00.000,300000133694731,300000001421038,7401,SA,MANUAL
508901,35661,Success, ,2026-06-02 08:37:20.000,SAR,2026-05-08 00:00:00.000,2026-05-08 00:00:00.000,,,300000001518644,Master-2912082,"300000131168053",2026-05-08 00:00:00.000,300000133694731,300000001421038,31309,SA,MANUAL
508900,35661,Success, ,2026-06-02 08:37:19.000,SAR,2026-05-08 00:00:00.000,2026-05-08 00:00:00.000,,,300000001518638,Cash-2912082,"300000131004938",2026-05-08 00:00:00.000,300000133694731,300000001421038,6749,SA,MANUAL
508899,35661,Success, ,2026-06-02 08:37:19.000,SAR,2026-05-08 00:00:00.000,2026-05-08 00:00:00.000,,,300000001518646,Visa-2912078,"300000158604460",2026-05-08 00:00:00.000,300000159504039,300000001421038,278,SA,MANUAL
508898,35661,Success, ,2026-06-02 08:37:19.000,SAR,2026-05-08 00:00:00.000,2026-05-08 00:00:00.000,,,300000001518641,Mada-2912082,"300000131168053",2026-05-08 00:00:00.000,300000133694731,300000001421038,13332,SA,MANUAL
508897,35661,Success, ,2026-06-02 08:37:19.000,SAR,2026-05-08 00:00:00.000,2026-05-08 00:00:00.000,,,300000001518646,Visa-2912080,"300000047540406",2026-05-08 00:00:00.000,300000047578486,300000001421038,936.04,SA,MANUAL
508896,35661,Success, ,2026-06-02 08:37:18.000,SAR,2026-05-08 00:00:00.000,2026-05-08 00:00:00.000,,,300000001518646,Visa-2912076,"300000039834136",2026-05-08 00:00:00.000,300000040073284,300000001421038,2140,SA,MANUAL
508895,35661,Success, ,2026-06-02 08:37:18.000,SAR,2026-05-08 00:00:00.000,2026-05-08 00:00:00.000,,,300000001518638,Cash-2912078,"300000158604454",2026-05-08 00:00:00.000,300000159504039,300000001421038,8901,SA,MANUAL
508894,35661,Success, ,2026-06-02 08:37:18.000,SAR,2026-05-08 00:00:00.000,2026-05-08 00:00:00.000,,,300000001518644,Master-2912080,"300000047540406",2026-05-08 00:00:00.000,300000047578486,300000001421038,1829.12,SA,MANUAL
508893,35661,Success, ,2026-06-02 08:37:17.000,SAR,2026-05-08 00:00:00.000,2026-05-08 00:00:00.000,,,300000001518644,Master-2912076,"300000039834136",2026-05-08 00:00:00.000,300000040073284,300000001421038,2219,SA,MANUAL
508892,35661,Success, ,2026-06-02 08:37:17.000,SAR,2026-05-08 00:00:00.000,2026-05-08 00:00:00.000,,,300000001518641,Mada-2912078,"300000158604460",2026-05-08 00:00:00.000,300000159504039,300000001421038,4215,SA,MANUAL
508891,35661,Success, ,2026-06-02 08:37:17.000,SAR,2026-05-08 00:00:00.000,2026-05-08 00:00:00.000,,,300000001518638,Cash-2912080,"300000047540412",2026-05-08 00:00:00.000,300000047578486,300000001421038,2814.14,SA,MANUAL
508890,35661,Success, ,2026-06-02 08:37:17.000,SAR,2026-05-08 00:00:00.000,2026-05-08 00:00:00.000,,,300000001518638,Cash-2912076,"300000039834199",2026-05-08 00:00:00.000,300000040073284,300000001421038,1285,SA,MANUAL
508889,35661,Success, ,2026-06-02 08:37:17.000,SAR,2026-05-08 00:00:00.000,2026-05-08 00:00:00.000,,,300000001518641,Mada-2912080,"300000047540406",2026-05-08 00:00:00.000,300000047578486,300000001421038,9424.52,SA,MANUAL
508888,35661,Success, ,2026-06-02 08:37:16.000,SAR,2026-05-08 00:00:00.000,2026-05-08 00:00:00.000,,,300000001518646,Visa-2912077,"300000016780612",2026-05-08 00:00:00.000,300000003335257,300000001421038,2304,SA,MANUAL
508887,35661,Success, ,2026-06-02 08:37:16.000,SAR,2026-05-08 00:00:00.000,2026-05-08 00:00:00.000,,,300000001518641,Mada-2912076,"300000039834136",2026-05-08 00:00:00.000,300000040073284,300000001421038,6744,SA,MANUAL
508886,35661,Success, ,2026-06-02 08:37:15.000,SAR,2026-05-08 00:00:00.000,2026-05-08 00:00:00.000,,,300000001518644,Master-2912077,"300000016780612",2026-05-08 00:00:00.000,300000003335257,300000001421038,199,SA,MANUAL
508885,35661,Success, ,2026-06-02 08:37:15.000,SAR,2026-05-08 00:00:00.000,2026-05-08 00:00:00.000,,,300000001518638,Cash-2912077,"300000003336235",2026-05-08 00:00:00.000,300000003335257,300000001421038,1259,SA,MANUAL
508884,35661,Success, ,2026-06-02 08:37:14.000,SAR,2026-05-08 00:00:00.000,2026-05-08 00:00:00.000,,,300000001518641,Mada-2912077,"300000016780612",2026-05-08 00:00:00.000,300000003335257,300000001421038,5310,SA,MANUAL
508883,35661,Success, ,2026-06-02 08:37:11.000,SAR,2026-05-08 00:00:00.000,2026-05-08 00:00:00.000,,,300000001518646,Visa-2912073,"300000137243223",2026-05-08 00:00:00.000,300000138575035,300000001421038,2139.26,SA,MANUAL
508882,35661,Success, ,2026-06-02 08:37:10.000,SAR,2026-05-08 00:00:00.000,2026-05-08 00:00:00.000,,,300000001518644,Master-2912073,"300000137243223",2026-05-08 00:00:00.000,300000138575035,300000001421038,717.15,SA,MANUAL
508881,35661,Success, ,2026-06-02 08:37:09.000,SAR,2026-05-08 00:00:00.000,2026-05-08 00:00:00.000,,,300000001518638,Cash-2912073,"300000137243213",2026-05-08 00:00:00.000,300000138575035,300000001421038,1056.09,SA,MANUAL
508880,35661,Success, ,2026-06-02 08:37:08.000,SAR,2026-05-08 00:00:00.000,2026-05-08 00:00:00.000,,,300000001518641,Mada-2912073,"300000137243223",2026-05-08 00:00:00.000,300000138575035,300000001421038,4071.72,SA,MANUAL
508879,35661,Success, ,2026-06-02 08:36:53.000,SAR,2026-05-08 00:00:00.000,2026-05-08 00:00:00.000,,,300000001518646,Visa-2911238,"300000016780399",2026-05-08 00:00:00.000,300000003335196,300000001421038,1145,SA,MANUAL
508878,35661,Success, ,2026-06-02 08:36:52.000,SAR,2026-05-08 00:00:00.000,2026-05-08 00:00:00.000,,,300000001518644,Master-2911238,"300000016780399",2026-05-08 00:00:00.000,300000003335196,300000001421038,1420,SA,MANUAL
508877,35661,Success, ,2026-06-02 08:36:52.000,SAR,2026-05-08 00:00:00.000,2026-05-08 00:00:00.000,,,300000001518638,Cash-2911238,"300000003336218",2026-05-08 00:00:00.000,300000003335196,300000001421038,2409,SA,MANUAL
508876,35661,Success, ,2026-06-02 08:36:51.000,SAR,2026-05-08 00:00:00.000,2026-05-08 00:00:00.000,,,300000001518641,Mada-2911238,"300000016780399",2026-05-08 00:00:00.000,300000003335196,300000001421038,3615,SA,MANUAL
508875,35661,Success, ,2026-06-02 08:36:46.000,SAR,2026-05-08 00:00:00.000,2026-05-08 00:00:00.000,,,300000001518646,Visa-2912072,"300000080235521",2026-05-08 00:00:00.000,300000087179845,300000001421038,138,SA,MANUAL
508874,35661,Success, ,2026-06-02 08:36:45.000,SAR,2026-05-08 00:00:00.000,2026-05-08 00:00:00.000,,,300000001518644,Master-2912072,"300000080235521",2026-05-08 00:00:00.000,300000087179845,300000001421038,155,SA,MANUAL
508873,35661,Success, ,2026-06-02 08:36:44.000,SAR,2026-05-08 00:00:00.000,2026-05-08 00:00:00.000,,,300000001518638,Cash-2912072,"300000080235550",2026-05-08 00:00:00.000,300000087179845,300000001421038,975,SA,MANUAL
508872,35661,Success, ,2026-06-02 08:36:44.000,SAR,2026-05-08 00:00:00.000,2026-05-08 00:00:00.000,,,300000001518641,Mada-2912072,"300000080235521",2026-05-08 00:00:00.000,300000087179845,300000001421038,2309,SA,MANUAL
508871,35661,Success, ,2026-06-02 08:36:23.000,SAR,2026-05-08 00:00:00.000,2026-05-08 00:00:00.000,,,300000001518646,Visa-2911239,"300000056139982",2026-05-08 00:00:00.000,300000058784416,300000001421038,796,SA,MANUAL
508870,35661,Success, ,2026-06-02 08:36:22.000,SAR,2026-05-08 00:00:00.000,2026-05-08 00:00:00.000,,,300000001518644,Master-2911239,"300000056139982",2026-05-08 00:00:00.000,300000058784416,300000001421038,513,SA,MANUAL
508869,35661,Success, ,2026-06-02 08:36:22.000,SAR,2026-05-08 00:00:00.000,2026-05-08 00:00:00.000,,,300000001518641,Mada-2912068,"300000107862566",2026-05-08 00:00:00.000,300000108864600,300000001421038,716,SA,MANUAL
508868,35661,Success, ,2026-06-02 08:36:21.000,SAR,2026-05-08 00:00:00.000,2026-05-08 00:00:00.000,,,300000001518638,Cash-2911239,"300000056277006",2026-05-08 00:00:00.000,300000058784416,300000001421038,4458,SA,MANUAL
508867,35661,Success, ,2026-06-02 08:36:20.000,SAR,2026-05-08 00:00:00.000,2026-05-08 00:00:00.000,,,300000001518641,Mada-2911239,"300000056139982",2026-05-08 00:00:00.000,300000058784416,300000001421038,6399,SA,MANUAL
508748,35660,Success, ,2026-06-02 07:42:28.000,SAR,2026-05-08 00:00:00.000,2026-05-08 00:00:00.000,,,300000001518644,Master-2912018,"300000052407295",2026-05-08 00:00:00.000,300000052635119,300000001421038,424,SA,MANUAL
508747,35660,Success, ,2026-06-02 07:42:27.000,SAR,2026-05-08 00:00:00.000,2026-05-08 00:00:00.000,,,300000001518638,Cash-2912018,"300000052482566",2026-05-08 00:00:00.000,300000052635119,300000001421038,245,SA,MANUAL
508744,35660,Success, ,2026-06-02 07:42:16.000,SAR,2026-05-08 00:00:00.000,2026-05-08 00:00:00.000,,,300000001518638,Cash-2911218,"300000056140000",2026-05-08 00:00:00.000,300000073517413,300000001421038,1345,SA,MANUAL
509173,35664,Success, ,2026-06-02 09:13:19.000,SAR,2026-05-08 00:00:00.000,2026-05-08 00:00:00.000,,,300000001518641,Mada-2911293,"300000016779062",2026-05-08 00:00:00.000,300000001576013,300000001421038,9952,SA,MANUAL
509172,35664,Success, ,2026-06-02 09:13:19.000,SAR,2026-05-08 00:00:00.000,2026-05-08 00:00:00.000,,,300000001518641,Mada-2912184,"300000118410646",2026-05-08 00:00:00.000,300000120419901,300000001421038,2084,SA,MANUAL
509169,35664,Success, ,2026-06-02 09:13:02.000,SAR,2026-05-08 00:00:00.000,2026-05-08 00:00:00.000,,,300000001518638,Cash-2912178,"300000044083252",2026-05-08 00:00:00.000,300000044182834,300000001421038,804,SA,MANUAL
509168,35664,Success, ,2026-06-02 09:13:01.000,SAR,2026-05-08 00:00:00.000,2026-05-08 00:00:00.000,,,300000001518641,Mada-2912178,"300000044083244",2026-05-08 00:00:00.000,300000044182834,300000001421038,3544,SA,MANUAL
509152,35664,Success, ,2026-06-02 09:12:53.000,SAR,2026-05-08 00:00:00.000,2026-05-08 00:00:00.000,,,300000001518644,Master-2912185,"300000035114656",2026-05-08 00:00:00.000,300000035830267,300000001421038,498,SA,MANUAL
509122,35664,Success, ,2026-06-02 09:11:20.000,SAR,2026-05-08 00:00:00.000,2026-05-08 00:00:00.000,,,300000001518646,Visa-2912174,"300000035114674",2026-05-08 00:00:00.000,300000035830374,300000001421038,638,SA,MANUAL
509117,35664,Success, ,2026-06-02 09:11:15.000,SAR,2026-05-08 00:00:00.000,2026-05-08 00:00:00.000,,,300000001518644,Master-2912165,"300000035114677",2026-05-08 00:00:00.000,300000035830391,300000001421038,1763,SA,MANUAL
509116,35664,Success, ,2026-06-02 09:11:14.000,SAR,2026-05-08 00:00:00.000,2026-05-08 00:00:00.000,,,300000001518638,Cash-2912165,"300000035114644",2026-05-08 00:00:00.000,300000035830391,300000001421038,5952,SA,MANUAL
509115,35664,Success, ,2026-06-02 09:11:14.000,SAR,2026-05-08 00:00:00.000,2026-05-08 00:00:00.000,,,300000001518646,Visa-2912159,"300000080235506",2026-05-08 00:00:00.000,300000082211898,300000001421038,2617,SA,MANUAL
509114,35664,Success, ,2026-06-02 09:11:13.000,SAR,2026-05-08 00:00:00.000,2026-05-08 00:00:00.000,,,300000001518641,Mada-2912165,"300000035114677",2026-05-08 00:00:00.000,300000035830391,300000001421038,9809,SA,MANUAL
509113,35664,Success, ,2026-06-02 09:11:13.000,SAR,2026-05-08 00:00:00.000,2026-05-08 00:00:00.000,,,300000001518638,Cash-2912159,"300000080235528",2026-05-08 00:00:00.000,300000082211898,300000001421038,38,SA,MANUAL
509107,35664,Success, ,2026-06-02 09:11:10.000,SAR,2026-05-08 00:00:00.000,2026-05-08 00:00:00.000,,,300000001518644,Master-2912157,"300000096820487",2026-05-08 00:00:00.000,300000099024531,300000001421038,115,SA,MANUAL
509106,35664,Success, ,2026-06-02 09:11:10.000,SAR,2026-05-08 00:00:00.000,2026-05-08 00:00:00.000,,,300000001518646,Visa-2912149,"300000075144787",2026-05-08 00:00:00.000,300000081651044,300000001421038,1757,SA,MANUAL
509105,35664,Success, ,2026-06-02 09:11:10.000,SAR,2026-05-08 00:00:00.000,2026-05-08 00:00:00.000,,,300000001518638,Cash-2912157,"300000096820490",2026-05-08 00:00:00.000,300000099024531,300000001421038,4833,SA,MANUAL
509104,35664,Success, ,2026-06-02 09:11:09.000,SAR,2026-05-08 00:00:00.000,2026-05-08 00:00:00.000,,,300000001518644,Master-2912149,"300000075144787",2026-05-08 00:00:00.000,300000081651044,300000001421038,2372,SA,MANUAL
509103,35664,Success, ,2026-06-02 09:11:09.000,SAR,2026-05-08 00:00:00.000,2026-05-08 00:00:00.000,,,300000001518641,Mada-2912157,"300000096820487",2026-05-08 00:00:00.000,300000099024531,300000001421038,5442,SA,MANUAL
509102,35664,Success, ,2026-06-02 09:11:09.000,SAR,2026-05-08 00:00:00.000,2026-05-08 00:00:00.000,,,300000001518638,Cash-2912149,"300000080235538",2026-05-08 00:00:00.000,300000081651044,300000001421038,2593,SA,MANUAL
509101,35664,Success, ,2026-06-02 09:11:08.000,SAR,2026-05-08 00:00:00.000,2026-05-08 00:00:00.000,,,300000001518644,Master-2912144,"300000080235509",2026-05-08 00:00:00.000,300000087179365,300000001421038,100,SA,MANUAL
509100,35664,Success, ,2026-06-02 09:11:08.000,SAR,2026-05-08 00:00:00.000,2026-05-08 00:00:00.000,,,300000001518641,Mada-2912149,"300000075144787",2026-05-08 00:00:00.000,300000081651044,300000001421038,5001,SA,MANUAL
509099,35664,Success, ,2026-06-02 09:11:08.000,SAR,2026-05-08 00:00:00.000,2026-05-08 00:00:00.000,,,300000001518638,Cash-2912144,"300000080235532",2026-05-08 00:00:00.000,300000087179365,300000001421038,3062,SA,MANUAL
509098,35664,Success, ,2026-06-02 09:11:07.000,SAR,2026-05-08 00:00:00.000,2026-05-08 00:00:00.000,,,300000001518641,Mada-2912144,"300000080235509",2026-05-08 00:00:00.000,300000087179365,300000001421038,3532,SA,MANUAL
509097,35664,Success, ,2026-06-02 09:11:07.000,SAR,2026-05-08 00:00:00.000,2026-05-08 00:00:00.000,,,300000001518646,Visa-2912166,"300000184638647",2026-05-08 00:00:00.000,300000184638650,300000001421038,199,SA,MANUAL
509096,35664,Success, ,2026-06-02 09:11:06.000,SAR,2026-05-08 00:00:00.000,2026-05-08 00:00:00.000,,,300000001518638,Cash-2912166,"300000184638643",2026-05-08 00:00:00.000,300000184638650,300000001421038,598,SA,MANUAL
509095,35664,Success, ,2026-06-02 09:11:05.000,SAR,2026-05-08 00:00:00.000,2026-05-08 00:00:00.000,,,300000001518641,Mada-2912166,"300000184638647",2026-05-08 00:00:00.000,300000184638650,300000001421038,928,SA,MANUAL
509094,35664,Success, ,2026-06-02 09:11:00.000,SAR,2026-05-08 00:00:00.000,2026-05-08 00:00:00.000,,,300000001518638,Cash-2912167,"300000180252239",2026-05-08 00:00:00.000,300000180252480,300000001421038,399,SA,MANUAL
509093,35664,Success, ,2026-06-02 09:11:00.000,SAR,2026-05-08 00:00:00.000,2026-05-08 00:00:00.000,,,300000001518641,Mada-2912167,"300000180252242",2026-05-08 00:00:00.000,300000180252480,300000001421038,1070,SA,MANUAL
509092,35664,Success, ,2026-06-02 09:10:40.000,SAR,2026-05-08 00:00:00.000,2026-05-08 00:00:00.000,,,300000001518646,Visa-2912148,"300000016780360",2026-05-08 00:00:00.000,300000001545953,300000001421038,4325,SA,MANUAL
509090,35664,Success, ,2026-06-02 09:10:40.000,SAR,2026-05-08 00:00:00.000,2026-05-08 00:00:00.000,,,300000001518644,Master-2912148,"300000016780360",2026-05-08 00:00:00.000,300000001545953,300000001421038,758,SA,MANUAL
509072,35664,Success, ,2026-06-02 09:10:18.000,SAR,2026-05-08 00:00:00.000,2026-05-08 00:00:00.000,,,300000001518638,Cash-2912153,"300000202684163",2026-05-08 00:00:00.000,300000202684347,300000001421038,11853,SA,MANUAL
509071,35664,Success, ,2026-06-02 09:10:17.000,SAR,2026-05-08 00:00:00.000,2026-05-08 00:00:00.000,,,300000001518641,Mada-2912153,"300000202684187",2026-05-08 00:00:00.000,300000202684347,300000001421038,1187,SA,MANUAL
509050,35664,Success, ,2026-06-02 09:09:29.000,SAR,2026-05-08 00:00:00.000,2026-05-08 00:00:00.000,,,300000001518646,Visa-2911273,"300000184638428",2026-05-08 00:00:00.000,300000184638431,300000001421038,598,SA,MANUAL
509049,35664,Success, ,2026-06-02 09:09:29.000,SAR,2026-05-08 00:00:00.000,2026-05-08 00:00:00.000,,,300000001518638,Cash-2911273,"300000184638425",2026-05-08 00:00:00.000,300000184638431,300000001421038,3991,SA,MANUAL
509048,35664,Success, ,2026-06-02 09:09:28.000,SAR,2026-05-08 00:00:00.000,2026-05-08 00:00:00.000,,,300000001518641,Mada-2911273,"300000184638428",2026-05-08 00:00:00.000,300000184638431,300000001421038,1447,SA,MANUAL
509047,35664,Success, ,2026-06-02 09:09:25.000,SAR,2026-05-08 00:00:00.000,2026-05-08 00:00:00.000,,,300000001518642,AMEX-2912141,"300000016780561",2026-05-08 00:00:00.000,300000003335298,300000001421038,230,SA,MANUAL
509046,35664,Success, ,2026-06-02 09:09:25.000,SAR,2026-05-08 00:00:00.000,2026-05-08 00:00:00.000,,,300000001518646,Visa-2912141,"300000016780561",2026-05-08 00:00:00.000,300000003335298,300000001421038,708,SA,MANUAL
509045,35664,Success, ,2026-06-02 09:09:24.000,SAR,2026-05-08 00:00:00.000,2026-05-08 00:00:00.000,,,300000001518638,Cash-2912141,"300000003336246",2026-05-08 00:00:00.000,300000003335298,300000001421038,2724,SA,MANUAL
509044,35664,Success, ,2026-06-02 09:09:23.000,SAR,2026-05-08 00:00:00.000,2026-05-08 00:00:00.000,,,300000001518641,Mada-2912141,"300000016780561",2026-05-08 00:00:00.000,300000003335298,300000001421038,2066,SA,MANUAL
509043,35664,Success, ,2026-06-02 09:09:16.000,SAR,2026-05-08 00:00:00.000,2026-05-08 00:00:00.000,,,300000001518646,Visa-2912135,"300000050662333",2026-05-08 00:00:00.000,300000051631569,300000001421038,1241,SA,MANUAL
509042,35664,Success, ,2026-06-02 09:09:15.000,SAR,2026-05-08 00:00:00.000,2026-05-08 00:00:00.000,,,300000001518644,Master-2912135,"300000050662333",2026-05-08 00:00:00.000,300000051631569,300000001421038,138,SA,MANUAL
509041,35664,Success, ,2026-06-02 09:09:14.000,SAR,2026-05-08 00:00:00.000,2026-05-08 00:00:00.000,,,300000001518638,Cash-2912135,"300000050662387",2026-05-08 00:00:00.000,300000051631569,300000001421038,1202,SA,MANUAL
509040,35664,Success, ,2026-06-02 09:09:14.000,SAR,2026-05-08 00:00:00.000,2026-05-08 00:00:00.000,,,300000001518646,Visa-2912140,"300000050662339",2026-05-08 00:00:00.000,300000051631599,300000001421038,1409,SA,MANUAL
509039,35664,Success, ,2026-06-02 09:09:13.000,SAR,2026-05-08 00:00:00.000,2026-05-08 00:00:00.000,,,300000001518641,Mada-2912135,"300000050662333",2026-05-08 00:00:00.000,300000051631569,300000001421038,2397,SA,MANUAL
509038,35664,Success, ,2026-06-02 09:09:13.000,SAR,2026-05-08 00:00:00.000,2026-05-08 00:00:00.000,,,300000001518644,Master-2912140,"300000050662339",2026-05-08 00:00:00.000,300000051631599,300000001421038,199,SA,MANUAL
509037,35664,Success, ,2026-06-02 09:09:12.000,SAR,2026-05-08 00:00:00.000,2026-05-08 00:00:00.000,,,300000001518641,Mada-2912140,"300000050662339",2026-05-08 00:00:00.000,300000051631599,300000001421038,3922,SA,MANUAL
509036,35664,Success, ,2026-06-02 09:09:03.000,SAR,2026-05-08 00:00:00.000,2026-05-08 00:00:00.000,,,300000001518646,Visa-2911268,"300000113282136",2026-05-08 00:00:00.000,300000113628172,300000001421038,858,SA,MANUAL
509035,35664,Success, ,2026-06-02 09:09:02.000,SAR,2026-05-08 00:00:00.000,2026-05-08 00:00:00.000,,,300000001518638,Cash-2911268,"300000113282145",2026-05-08 00:00:00.000,300000113628172,300000001421038,174,SA,MANUAL
509034,35664,Success, ,2026-06-02 09:09:01.000,SAR,2026-05-08 00:00:00.000,2026-05-08 00:00:00.000,,,300000001518641,Mada-2911268,"300000113282136",2026-05-08 00:00:00.000,300000113628172,300000001421038,2664,SA,MANUAL
509018,35664,Success, ,2026-06-02 09:08:35.000,SAR,2026-05-08 00:00:00.000,2026-05-08 00:00:00.000,,,300000001518638,Cash-2912134,"300000113282142",2026-05-08 00:00:00.000,300000113628065,300000001421038,385,SA,MANUAL
508905,35662,Success, ,2026-06-02 08:39:13.000,SAR,2026-05-08 00:00:00.000,2026-05-08 00:00:00.000,,,300000001518646,Visa-2912093,"300000118410630",2026-05-08 00:00:00.000,300000120419711,300000001421038,922,SA,MANUAL
508904,35662,Success, ,2026-06-02 08:39:12.000,SAR,2026-05-08 00:00:00.000,2026-05-08 00:00:00.000,,,300000001518638,Cash-2912093,"300000118410720",2026-05-08 00:00:00.000,300000120419711,300000001421038,792,SA,MANUAL
508903,35662,Success, ,2026-06-02 08:39:11.000,SAR,2026-05-08 00:00:00.000,2026-05-08 00:00:00.000,,,300000001518641,Mada-2912093,"300000118410630",2026-05-08 00:00:00.000,300000120419711,300000001421038,2089,SA,MANUAL
508866,35661,Success, ,2026-06-02 08:36:01.000,SAR,2026-05-08 00:00:00.000,2026-05-08 00:00:00.000,,,300000001518646,Visa-2911237,"300000047540409",2026-05-08 00:00:00.000,300000047578642,300000001421038,573,SA,MANUAL
508865,35661,Success, ,2026-06-02 08:36:00.000,SAR,2026-05-08 00:00:00.000,2026-05-08 00:00:00.000,,,300000001518638,Cash-2911237,"300000047540415",2026-05-08 00:00:00.000,300000047578642,300000001421038,2486,SA,MANUAL
509147,35664,Success, ,2026-06-02 09:12:39.000,SAR,2026-05-08 00:00:00.000,2026-05-08 00:00:00.000,,,300000001518646,Visa-2912196,"300000147142412",2026-05-08 00:00:00.000,300000147783235,300000001421038,149,SA,MANUAL
509146,35664,Success, ,2026-06-02 09:12:38.000,SAR,2026-05-08 00:00:00.000,2026-05-08 00:00:00.000,,,300000001518644,Master-2912196,"300000147142412",2026-05-08 00:00:00.000,300000147783235,300000001421038,608,SA,MANUAL
509145,35664,Success, ,2026-06-02 09:12:37.000,SAR,2026-05-08 00:00:00.000,2026-05-08 00:00:00.000,,,300000001518638,Cash-2912196,"300000147142406",2026-05-08 00:00:00.000,300000147783235,300000001421038,2510,SA,MANUAL
509144,35664,Success, ,2026-06-02 09:12:36.000,SAR,2026-05-08 00:00:00.000,2026-05-08 00:00:00.000,,,300000001518641,Mada-2912196,"300000147142412",2026-05-08 00:00:00.000,300000147783235,300000001421038,3483,SA,MANUAL
509119,35664,Success, ,2026-06-02 09:11:18.000,SAR,2026-05-08 00:00:00.000,2026-05-08 00:00:00.000,,,300000001518641,Mada-2912174,"300000035114674",2026-05-08 00:00:00.000,300000035830374,300000001421038,4570,SA,MANUAL
509076,35664,Success, ,2026-06-02 09:10:24.000,SAR,2026-05-08 00:00:00.000,2026-05-08 00:00:00.000,,,300000001518646,Visa-2911275,"300000050662330",2026-05-08 00:00:00.000,300000051631477,300000001421038,334,SA,MANUAL
509075,35664,Success, ,2026-06-02 09:10:24.000,SAR,2026-05-08 00:00:00.000,2026-05-08 00:00:00.000,,,300000001518644,Master-2911275,"300000050662330",2026-05-08 00:00:00.000,300000051631477,300000001421038,399,SA,MANUAL
509074,35664,Success, ,2026-06-02 09:10:23.000,SAR,2026-05-08 00:00:00.000,2026-05-08 00:00:00.000,,,300000001518638,Cash-2911275,"300000050662384",2026-05-08 00:00:00.000,300000051631477,300000001421038,5968,SA,MANUAL
509073,35664,Success, ,2026-06-02 09:10:22.000,SAR,2026-05-08 00:00:00.000,2026-05-08 00:00:00.000,,,300000001518641,Mada-2911275,"300000050662330",2026-05-08 00:00:00.000,300000051631477,300000001421038,2491,SA,MANUAL
509070,35664,Success, ,2026-06-02 09:10:11.000,SAR,2026-05-08 00:00:00.000,2026-05-08 00:00:00.000,,,300000001518644,Master-2911282,"300000056139963",2026-05-08 00:00:00.000,300000056571458,300000001421038,299,SA,MANUAL
509069,35664,Success, ,2026-06-02 09:10:10.000,SAR,2026-05-08 00:00:00.000,2026-05-08 00:00:00.000,,,300000001518638,Cash-2911282,"300000056139988",2026-05-08 00:00:00.000,300000056571458,300000001421038,499,SA,MANUAL
509068,35664,Success, ,2026-06-02 09:10:10.000,SAR,2026-05-08 00:00:00.000,2026-05-08 00:00:00.000,,,300000001518646,Visa-2912136,"300000184930573",2026-05-08 00:00:00.000,300000184930454,300000001421038,269,SA,MANUAL
509067,35664,Success, ,2026-06-02 09:10:09.000,SAR,2026-05-08 00:00:00.000,2026-05-08 00:00:00.000,,,300000001518641,Mada-2911282,"300000056139963",2026-05-08 00:00:00.000,300000056571458,300000001421038,1147,SA,MANUAL
509066,35664,Success, ,2026-06-02 09:10:09.000,SAR,2026-05-08 00:00:00.000,2026-05-08 00:00:00.000,,,300000001518646,Visa-2912138,"300000050662302",2026-05-08 00:00:00.000,300000051631296,300000001421038,2677,SA,MANUAL
509065,35664,Success, ,2026-06-02 09:10:09.000,SAR,2026-05-08 00:00:00.000,2026-05-08 00:00:00.000,,,300000001518638,Cash-2912136,"300000184930565",2026-05-08 00:00:00.000,300000184930454,300000001421038,488,SA,MANUAL
509064,35664,Success, ,2026-06-02 09:10:08.000,SAR,2026-05-08 00:00:00.000,2026-05-08 00:00:00.000,,,300000001518641,Mada-2912136,"300000184930573",2026-05-08 00:00:00.000,300000184930454,300000001421038,269,SA,MANUAL
509063,35664,Success, ,2026-06-02 09:10:08.000,SAR,2026-05-08 00:00:00.000,2026-05-08 00:00:00.000,,,300000001518644,Master-2912138,"300000050662302",2026-05-08 00:00:00.000,300000051631296,300000001421038,199,SA,MANUAL
509062,35664,Success, ,2026-06-02 09:10:07.000,SAR,2026-05-08 00:00:00.000,2026-05-08 00:00:00.000,,,300000001518638,Cash-2912138,"300000050662357",2026-05-08 00:00:00.000,300000051631296,300000001421038,1259,SA,MANUAL
509061,35664,Success, ,2026-06-02 09:10:06.000,SAR,2026-05-08 00:00:00.000,2026-05-08 00:00:00.000,,,300000001518641,Mada-2912138,"300000050662302",2026-05-08 00:00:00.000,300000051631296,300000001421038,6605,SA,MANUAL
509060,35664,Success, ,2026-06-02 09:09:58.000,SAR,2026-05-08 00:00:00.000,2026-05-08 00:00:00.000,,,300000001518641,Mada-2911281,"300000050662305",2026-05-08 00:00:00.000,300000051631342,300000001421038,1615,SA,MANUAL
509059,35664,Success, ,2026-06-02 09:09:53.000,SAR,2026-05-08 00:00:00.000,2026-05-08 00:00:00.000,,,300000001518646,Visa-2912146,"300000080235518",2026-05-08 00:00:00.000,300000087179595,300000001421038,99,SA,MANUAL
509058,35664,Success, ,2026-06-02 09:09:52.000,SAR,2026-05-08 00:00:00.000,2026-05-08 00:00:00.000,,,300000001518638,Cash-2912146,"300000080235547",2026-05-08 00:00:00.000,300000087179595,300000001421038,1244,SA,MANUAL
509057,35664,Success, ,2026-06-02 09:09:51.000,SAR,2026-05-08 00:00:00.000,2026-05-08 00:00:00.000,,,300000001518641,Mada-2912146,"300000080235518",2026-05-08 00:00:00.000,300000087179595,300000001421038,1854,SA,MANUAL
509056,35664,Success, ,2026-06-02 09:09:43.000,SAR,2026-05-08 00:00:00.000,2026-05-08 00:00:00.000,,,300000001518646,Visa-2911279,"300000203126499",2026-05-08 00:00:00.000,300000203126509,300000001421038,199,SA,MANUAL
509055,35664,Success, ,2026-06-02 09:09:42.000,SAR,2026-05-08 00:00:00.000,2026-05-08 00:00:00.000,,,300000001518638,Cash-2911279,"300000203126495",2026-05-08 00:00:00.000,300000203126509,300000001421038,542,SA,MANUAL
509054,35664,Success, ,2026-06-02 09:09:41.000,SAR,2026-05-08 00:00:00.000,2026-05-08 00:00:00.000,,,300000001518641,Mada-2911279,"300000203126499",2026-05-08 00:00:00.000,300000203126509,300000001421038,1366,SA,MANUAL
509053,35664,Success, ,2026-06-02 09:09:32.000,SAR,2026-05-08 00:00:00.000,2026-05-08 00:00:00.000,,,300000001518646,Visa-2912142,"300000171373263",2026-05-08 00:00:00.000,300000178969267,300000001421038,864,SA,MANUAL
509052,35664,Success, ,2026-06-02 09:09:32.000,SAR,2026-05-08 00:00:00.000,2026-05-08 00:00:00.000,,,300000001518638,Cash-2912142,"300000171373244",2026-05-08 00:00:00.000,300000178969267,300000001421038,314,SA,MANUAL
509051,35664,Success, ,2026-06-02 09:09:31.000,SAR,2026-05-08 00:00:00.000,2026-05-08 00:00:00.000,,,300000001518641,Mada-2912142,"300000171373263",2026-05-08 00:00:00.000,300000178969267,300000001421038,1584,SA,MANUAL
508982,35663,Success, ,2026-06-02 09:07:04.000,SAR,2026-05-08 00:00:00.000,2026-05-08 00:00:00.000,,,300000001518641,Mada-2911261,"300000131168138",2026-05-08 00:00:00.000,300000171340507,300000001421038,2515,SA,MANUAL
508981,35663,Success, ,2026-06-02 09:06:58.000,SAR,2026-05-08 00:00:00.000,2026-05-08 00:00:00.000,,,300000001518646,Visa-2912113,"300000050662315",2026-05-08 00:00:00.000,300000051631395,300000001421038,1675,SA,MANUAL
508980,35663,Success, ,2026-06-02 09:06:57.000,SAR,2026-05-08 00:00:00.000,2026-05-08 00:00:00.000,,,300000001518644,Master-2912113,"300000050662315",2026-05-08 00:00:00.000,300000051631395,300000001421038,299,SA,MANUAL
508979,35663,Success, ,2026-06-02 09:06:57.000,SAR,2026-05-08 00:00:00.000,2026-05-08 00:00:00.000,,,300000001518638,Cash-2912113,"300000050662369",2026-05-08 00:00:00.000,300000051631395,300000001421038,25,SA,MANUAL
508978,35663,Success, ,2026-06-02 09:06:56.000,SAR,2026-05-08 00:00:00.000,2026-05-08 00:00:00.000,,,300000001518641,Mada-2912113,"300000050662315",2026-05-08 00:00:00.000,300000051631395,300000001421038,2761,SA,MANUAL
508977,35663,Success, ,2026-06-02 09:06:55.000,SAR,2026-05-08 00:00:00.000,2026-05-08 00:00:00.000,,,300000001518638,Cash-2912115,"300000059028956",2026-05-08 00:00:00.000,300000073517428,300000001421038,722,SA,MANUAL
508973,35663,Success, ,2026-06-02 09:06:54.000,SAR,2026-05-08 00:00:00.000,2026-05-08 00:00:00.000,,,300000001518638,Cash-2911263,"300000050662363",2026-05-08 00:00:00.000,300000051631363,300000001421038,918,SA,MANUAL
508864,35661,Success, ,2026-06-02 08:35:59.000,SAR,2026-05-08 00:00:00.000,2026-05-08 00:00:00.000,,,300000001518646,Visa-2912071,"300000183175533",2026-05-08 00:00:00.000,300000183175546,300000001421038,907,SA,MANUAL
508863,35661,Success, ,2026-06-02 08:35:58.000,SAR,2026-05-08 00:00:00.000,2026-05-08 00:00:00.000,,,300000001518641,Mada-2912071,"300000183175533",2026-05-08 00:00:00.000,300000183175546,300000001421038,973,SA,MANUAL
508862,35661,Success, ,2026-06-02 08:35:58.000,SAR,2026-05-08 00:00:00.000,2026-05-08 00:00:00.000,,,300000001518638,Cash-2912070,"300000055407359",2026-05-08 00:00:00.000,300000055580722,300000001421038,1428,SA,MANUAL
508861,35661,Success, ,2026-06-02 08:35:57.000,SAR,2026-05-08 00:00:00.000,2026-05-08 00:00:00.000,,,300000001518638,Cash-2912069,"300000171373289",2026-05-08 00:00:00.000,300000176089918,300000001421038,677,SA,MANUAL
508860,35661,Success, ,2026-06-02 08:35:57.000,SAR,2026-05-08 00:00:00.000,2026-05-08 00:00:00.000,,,300000001518641,Mada-2912070,"300000055407356",2026-05-08 00:00:00.000,300000055580722,300000001421038,249,SA,MANUAL
508859,35661,Success, ,2026-06-02 08:35:57.000,SAR,2026-05-08 00:00:00.000,2026-05-08 00:00:00.000,,,300000001518641,Mada-2912069,"300000171373299",2026-05-08 00:00:00.000,300000176089918,300000001421038,498,SA,MANUAL
508854,35660,Success, ,2026-06-02 07:45:20.000,SAR,2026-05-08 00:00:00.000,2026-05-08 00:00:00.000,,,300000001518638,Cash-2911231,"300000131004885",2026-05-08 00:00:00.000,300000153736527,300000001421038,1895,SA,MANUAL
508853,35660,Success, ,2026-06-02 07:45:20.000,SAR,2026-05-08 00:00:00.000,2026-05-08 00:00:00.000,,,300000001518641,Mada-2912057,"300000052407280",2026-05-08 00:00:00.000,300000052635022,300000001421038,1927,SA,MANUAL
508852,35660,Success, ,2026-06-02 07:45:20.000,SAR,2026-05-08 00:00:00.000,2026-05-08 00:00:00.000,,,300000001518646,Visa-2912059,"300000028360200",2026-05-08 00:00:00.000,300000028676708,300000001421038,199,SA,MANUAL
508851,35660,Success, ,2026-06-02 07:45:20.000,SAR,2026-05-08 00:00:00.000,2026-05-08 00:00:00.000,,,300000001518646,Visa-2911230,"300000068993282",2026-05-08 00:00:00.000,300000068993367,300000001421038,2040,SA,MANUAL
508850,35660,Success, ,2026-06-02 07:45:19.000,SAR,2026-05-08 00:00:00.000,2026-05-08 00:00:00.000,,,300000001518641,Mada-2911231,"300000131168013",2026-05-08 00:00:00.000,300000153736527,300000001421038,5161,SA,MANUAL
508849,35660,Success, ,2026-06-02 07:45:19.000,SAR,2026-05-08 00:00:00.000,2026-05-08 00:00:00.000,,,300000001518638,Cash-2912059,"300000028360215",2026-05-08 00:00:00.000,300000028676708,300000001421038,1504,SA,MANUAL
508848,35660,Success, ,2026-06-02 07:45:19.000,SAR,2026-05-08 00:00:00.000,2026-05-08 00:00:00.000,,,300000001518644,Master-2911230,"300000068993282",2026-05-08 00:00:00.000,300000068993367,300000001421038,995,SA,MANUAL
508847,35660,Success, ,2026-06-02 07:45:19.000,SAR,2026-05-08 00:00:00.000,2026-05-08 00:00:00.000,,,300000001518646,Visa-2911232,"300000035114662",2026-05-08 00:00:00.000,300000035830303,300000001421038,678,SA,MANUAL
508846,35660,Success, ,2026-06-02 07:45:18.000,SAR,2026-05-08 00:00:00.000,2026-05-08 00:00:00.000,,,300000001518641,Mada-2912059,"300000028360200",2026-05-08 00:00:00.000,300000028676708,300000001421038,3005,SA,MANUAL
508845,35660,Success, ,2026-06-02 07:45:18.000,SAR,2026-05-08 00:00:00.000,2026-05-08 00:00:00.000,,,300000001518638,Cash-2911230,"300000068993287",2026-05-08 00:00:00.000,300000068993367,300000001421038,1542,SA,MANUAL
508844,35660,Success, ,2026-06-02 07:45:18.000,SAR,2026-05-08 00:00:00.000,2026-05-08 00:00:00.000,,,300000001518644,Master-2911232,"300000035114662",2026-05-08 00:00:00.000,300000035830303,300000001421038,398,SA,MANUAL
508842,35660,Success, ,2026-06-02 07:45:17.000,SAR,2026-05-08 00:00:00.000,2026-05-08 00:00:00.000,,,300000001518638,Cash-2911232,"300000035114629",2026-05-08 00:00:00.000,300000035830303,300000001421038,743,SA,MANUAL
508841,35660,Success, ,2026-06-02 07:45:17.000,SAR,2026-05-08 00:00:00.000,2026-05-08 00:00:00.000,,,300000001518646,Visa-2912055,"300000016780567",2026-05-08 00:00:00.000,300000003947002,300000001421038,11135,SA,MANUAL
508840,35660,Success, ,2026-06-02 07:45:16.000,SAR,2026-05-08 00:00:00.000,2026-05-08 00:00:00.000,,,300000001518641,Mada-2911232,"300000035114662",2026-05-08 00:00:00.000,300000035830303,300000001421038,2070,SA,MANUAL
508839,35660,Success, ,2026-06-02 07:45:16.000,SAR,2026-05-08 00:00:00.000,2026-05-08 00:00:00.000,,,300000001518644,Master-2912055,"300000016780567",2026-05-08 00:00:00.000,300000003947002,300000001421038,1919,SA,MANUAL
508838,35660,Success, ,2026-06-02 07:45:15.000,SAR,2026-05-08 00:00:00.000,2026-05-08 00:00:00.000,,,300000001518638,Cash-2912055,"300000003335885",2026-05-08 00:00:00.000,300000003947002,300000001421038,697,SA,MANUAL
508837,35660,Success, ,2026-06-02 07:45:14.000,SAR,2026-05-08 00:00:00.000,2026-05-08 00:00:00.000,,,300000001518641,Mada-2912055,"300000016780567",2026-05-08 00:00:00.000,300000003947002,300000001421038,9159,SA,MANUAL
508836,35660,Success, ,2026-06-02 07:45:14.000,SAR,2026-05-08 00:00:00.000,2026-05-08 00:00:00.000,,,300000001518646,Visa-2912052,"300000097074433",2026-05-08 00:00:00.000,300000108864456,300000001421038,1909,SA,MANUAL
508835,35660,Success, ,2026-06-02 07:45:13.000,SAR,2026-05-08 00:00:00.000,2026-05-08 00:00:00.000,,,300000001518638,Cash-2912052,"300000097074458",2026-05-08 00:00:00.000,300000108864456,300000001421038,913,SA,MANUAL
508834,35660,Success, ,2026-06-02 07:45:13.000,SAR,2026-05-08 00:00:00.000,2026-05-08 00:00:00.000,,,300000001518641,Mada-2912052,"300000097074433",2026-05-08 00:00:00.000,300000108864456,300000001421038,3868,SA,MANUAL
508820,35660,Success, ,2026-06-02 07:44:30.000,SAR,2026-05-08 00:00:00.000,2026-05-08 00:00:00.000,,,300000001518638,Cash-2912039,"300000080938024",2026-05-08 00:00:00.000,300000080849307,300000001421038,8572,SA,MANUAL
508818,35660,Success, ,2026-06-02 07:44:26.000,SAR,2026-05-08 00:00:00.000,2026-05-08 00:00:00.000,,,300000001518646,Visa-2912033,"300000039834122",2026-05-08 00:00:00.000,300000040073188,300000001421038,58,SA,MANUAL
508815,35660,Success, ,2026-06-02 07:44:24.000,SAR,2026-05-08 00:00:00.000,2026-05-08 00:00:00.000,,,300000001518638,Cash-2912033,"300000039834161",2026-05-08 00:00:00.000,300000040073188,300000001421038,5058,SA,MANUAL
508814,35660,Success, ,2026-06-02 07:44:24.000,SAR,2026-05-08 00:00:00.000,2026-05-08 00:00:00.000,,,300000001518644,Master-2912038,"300000017584237",2026-05-08 00:00:00.000,300000017583361,300000001421038,996,SA,MANUAL
508805,35660,Success, ,2026-06-02 07:44:03.000,SAR,2026-05-08 00:00:00.000,2026-05-08 00:00:00.000,,,300000001518646,Visa-2912044,"300000016780494",2026-05-08 00:00:00.000,300000016026238,300000001421038,575,SA,MANUAL
508804,35660,Success, ,2026-06-02 07:44:03.000,SAR,2026-05-08 00:00:00.000,2026-05-08 00:00:00.000,,,300000001518644,Master-2912037,"300000035114668",2026-05-08 00:00:00.000,300000035830339,300000001421038,249,SA,MANUAL
508803,35660,Success, ,2026-06-02 07:44:03.000,SAR,2026-05-08 00:00:00.000,2026-05-08 00:00:00.000,,,300000001518644,Master-2912044,"300000016780494",2026-05-08 00:00:00.000,300000016026238,300000001421038,145,SA,MANUAL
508802,35660,Success, ,2026-06-02 07:44:02.000,SAR,2026-05-08 00:00:00.000,2026-05-08 00:00:00.000,,,300000001518638,Cash-2912037,"300000035114635",2026-05-08 00:00:00.000,300000035830339,300000001421038,1262,SA,MANUAL
508801,35660,Success, ,2026-06-02 07:44:02.000,SAR,2026-05-08 00:00:00.000,2026-05-08 00:00:00.000,,,300000001518638,Cash-2912044,"300000016020868",2026-05-08 00:00:00.000,300000016026238,300000001421038,19,SA,MANUAL
508800,35660,Success, ,2026-06-02 07:44:02.000,SAR,2026-05-08 00:00:00.000,2026-05-08 00:00:00.000,,,300000001518646,Visa-2911224,"300000016780564",2026-05-08 00:00:00.000,300000003335913,300000001421038,996,SA,MANUAL
508799,35660,Success, ,2026-06-02 07:44:01.000,SAR,2026-05-08 00:00:00.000,2026-05-08 00:00:00.000,,,300000001518641,Mada-2912037,"300000035114668",2026-05-08 00:00:00.000,300000035830339,300000001421038,5965,SA,MANUAL
508798,35660,Success, ,2026-06-02 07:44:01.000,SAR,2026-05-08 00:00:00.000,2026-05-08 00:00:00.000,,,300000001518641,Mada-2912044,"300000016780494",2026-05-08 00:00:00.000,300000016026238,300000001421038,2114,SA,MANUAL
508797,35660,Success, ,2026-06-02 07:44:01.000,SAR,2026-05-08 00:00:00.000,2026-05-08 00:00:00.000,,,300000001518644,Master-2911224,"300000016780564",2026-05-08 00:00:00.000,300000003335913,300000001421038,399,SA,MANUAL
508795,35660,Success, ,2026-06-02 07:44:00.000,SAR,2026-05-08 00:00:00.000,2026-05-08 00:00:00.000,,,300000001518638,Cash-2911224,"300000001573429",2026-05-08 00:00:00.000,300000003335913,300000001421038,839.01,SA,MANUAL
508794,35660,Success, ,2026-06-02 07:44:00.000,SAR,2026-05-08 00:00:00.000,2026-05-08 00:00:00.000,,,300000001518644,Master-2912031,"300000016779076",2026-05-08 00:00:00.000,300000002564369,300000001421038,527,SA,MANUAL
508793,35660,Success, ,2026-06-02 07:43:59.000,SAR,2026-05-08 00:00:00.000,2026-05-08 00:00:00.000,,,300000001518641,Mada-2911224,"300000016780564",2026-05-08 00:00:00.000,300000003335913,300000001421038,7056,SA,MANUAL
508792,35660,Success, ,2026-06-02 07:43:59.000,SAR,2026-05-08 00:00:00.000,2026-05-08 00:00:00.000,,,300000001518646,Visa-2911227,"300000035114665",2026-05-08 00:00:00.000,300000035830321,300000001421038,1115,SA,MANUAL
508791,35660,Success, ,2026-06-02 07:43:59.000,SAR,2026-05-08 00:00:00.000,2026-05-08 00:00:00.000,,,300000001518646,Visa-2912023,"300000212640475",2026-05-08 00:00:00.000,300000158776674,300000001421038,1036,SA,MANUAL
508790,35660,Success, ,2026-06-02 07:43:59.000,SAR,2026-05-08 00:00:00.000,2026-05-08 00:00:00.000,,,300000001518638,Cash-2912031,"300000002399854",2026-05-08 00:00:00.000,300000002564369,300000001421038,7393,SA,MANUAL
508786,35660,Success, ,2026-06-02 07:43:58.000,SAR,2026-05-08 00:00:00.000,2026-05-08 00:00:00.000,,,300000001518638,Cash-2911227,"300000035114632",2026-05-08 00:00:00.000,300000035830321,300000001421038,1001,SA,MANUAL
508782,35660,Success, ,2026-06-02 07:43:38.000,SAR,2026-05-08 00:00:00.000,2026-05-08 00:00:00.000,,,300000001518646,Visa-2912024,"300000158604480",2026-05-08 00:00:00.000,300000158776992,300000001421038,1552.51,SA,MANUAL
508764,35660,Success, ,2026-06-02 07:43:17.000,SAR,2026-05-08 00:00:00.000,2026-05-08 00:00:00.000,,,300000001518646,Visa-2912027,"300000131168135",2026-05-08 00:00:00.000,300000155263014,300000001421038,424,SA,MANUAL
508763,35660,Success, ,2026-06-02 07:43:16.000,SAR,2026-05-08 00:00:00.000,2026-05-08 00:00:00.000,,,300000001518638,Cash-2912027,"300000131004963",2026-05-08 00:00:00.000,300000155263014,300000001421038,598,SA,MANUAL
508762,35660,Success, ,2026-06-02 07:43:15.000,SAR,2026-05-08 00:00:00.000,2026-05-08 00:00:00.000,,,300000001518641,Mada-2912027,"300000131168135",2026-05-08 00:00:00.000,300000155263014,300000001421038,6297,SA,MANUAL
508761,35660,Success, ,2026-06-02 07:43:14.000,SAR,2026-05-08 00:00:00.000,2026-05-08 00:00:00.000,,,300000001518646,Visa-2911222,"300000080235515",2026-05-08 00:00:00.000,300000081887337,300000001421038,346,SA,MANUAL
508760,35660,Success, ,2026-06-02 07:43:13.000,SAR,2026-05-08 00:00:00.000,2026-05-08 00:00:00.000,,,300000001518646,Visa-2912026,"300000056139973",2026-05-08 00:00:00.000,300000059418443,300000001421038,299,SA,MANUAL
508759,35660,Success, ,2026-06-02 07:43:13.000,SAR,2026-05-08 00:00:00.000,2026-05-08 00:00:00.000,,,300000001518638,Cash-2911222,"300000080235544",2026-05-08 00:00:00.000,300000081887337,300000001421038,916,SA,MANUAL
508758,35660,Success, ,2026-06-02 07:43:12.000,SAR,2026-05-08 00:00:00.000,2026-05-08 00:00:00.000,,,300000001518638,Cash-2912026,"300000056139997",2026-05-08 00:00:00.000,300000059418443,300000001421038,627,SA,MANUAL
508757,35660,Success, ,2026-06-02 07:43:12.000,SAR,2026-05-08 00:00:00.000,2026-05-08 00:00:00.000,,,300000001518641,Mada-2911222,"300000080235515",2026-05-08 00:00:00.000,300000081887337,300000001421038,2437,SA,MANUAL
508756,35660,Success, ,2026-06-02 07:43:11.000,SAR,2026-05-08 00:00:00.000,2026-05-08 00:00:00.000,,,300000001518641,Mada-2912026,"300000056139973",2026-05-08 00:00:00.000,300000059418443,300000001421038,6165,SA,MANUAL
508960,35662,Success, ,2026-06-02 08:40:43.000,SAR,2026-05-08 00:00:00.000,2026-05-08 00:00:00.000,,,300000001518646,Visa-2912101,"300000147142409",2026-05-08 00:00:00.000,300000147481815,300000001421038,1364,SA,MANUAL
508959,35662,Success, ,2026-06-02 08:40:43.000,SAR,2026-05-08 00:00:00.000,2026-05-08 00:00:00.000,,,300000001518646,Visa-2912100,"300000158604488",2026-05-08 00:00:00.000,300000159504427,300000001421038,866,SA,MANUAL
508958,35662,Success, ,2026-06-02 08:40:43.000,SAR,2026-05-08 00:00:00.000,2026-05-08 00:00:00.000,,,300000001518644,Master-2912101,"300000147142409",2026-05-08 00:00:00.000,300000147481815,300000001421038,667,SA,MANUAL
508957,35662,Success, ,2026-06-02 08:40:42.000,SAR,2026-05-08 00:00:00.000,2026-05-08 00:00:00.000,,,300000001518644,Master-2912100,"300000158604488",2026-05-08 00:00:00.000,300000159504427,300000001421038,356,SA,MANUAL
508956,35662,Success, ,2026-06-02 08:40:42.000,SAR,2026-05-08 00:00:00.000,2026-05-08 00:00:00.000,,,300000001518638,Cash-2912101,"300000147142403",2026-05-08 00:00:00.000,300000147481815,300000001421038,1698,SA,MANUAL
508955,35662,Success, ,2026-06-02 08:40:42.000,SAR,2026-05-08 00:00:00.000,2026-05-08 00:00:00.000,,,300000001518646,Visa-2912102,"300000118410636",2026-05-08 00:00:00.000,300000120419832,300000001421038,4265,SA,MANUAL
508954,35662,Success, ,2026-06-02 08:40:41.000,SAR,2026-05-08 00:00:00.000,2026-05-08 00:00:00.000,,,300000001518638,Cash-2912100,"300000158604485",2026-05-08 00:00:00.000,300000159504427,300000001421038,10136,SA,MANUAL
508953,35662,Success, ,2026-06-02 08:40:41.000,SAR,2026-05-08 00:00:00.000,2026-05-08 00:00:00.000,,,300000001518641,Mada-2912101,"300000147142409",2026-05-08 00:00:00.000,300000147481815,300000001421038,7170,SA,MANUAL
508952,35662,Success, ,2026-06-02 08:40:41.000,SAR,2026-05-08 00:00:00.000,2026-05-08 00:00:00.000,,,300000001518646,Visa-2912099,"300000016780573",2026-05-08 00:00:00.000,300000003335974,300000001421038,733,SA,MANUAL
508951,35662,Success, ,2026-06-02 08:40:41.000,SAR,2026-05-08 00:00:00.000,2026-05-08 00:00:00.000,,,300000001518644,Master-2912102,"300000118410636",2026-05-08 00:00:00.000,300000120419832,300000001421038,653,SA,MANUAL
508950,35662,Success, ,2026-06-02 08:40:40.000,SAR,2026-05-08 00:00:00.000,2026-05-08 00:00:00.000,,,300000001518641,Mada-2912100,"300000158604488",2026-05-08 00:00:00.000,300000159504427,300000001421038,4022,SA,MANUAL
508949,35662,Success, ,2026-06-02 08:40:40.000,SAR,2026-05-08 00:00:00.000,2026-05-08 00:00:00.000,,,300000001518644,Master-2912099,"300000016780573",2026-05-08 00:00:00.000,300000003335974,300000001421038,399,SA,MANUAL
508948,35662,Success, ,2026-06-02 08:40:40.000,SAR,2026-05-08 00:00:00.000,2026-05-08 00:00:00.000,,,300000001518638,Cash-2912102,"300000118410757",2026-05-08 00:00:00.000,300000120419832,300000001421038,13976,SA,MANUAL
508947,35662,Success, ,2026-06-02 08:40:39.000,SAR,2026-05-08 00:00:00.000,2026-05-08 00:00:00.000,,,300000001518638,Cash-2912099,"300000003335879",2026-05-08 00:00:00.000,300000003335974,300000001421038,3224,SA,MANUAL
508946,35662,Success, ,2026-06-02 08:40:39.000,SAR,2026-05-08 00:00:00.000,2026-05-08 00:00:00.000,,,300000001518641,Mada-2912102,"300000118410636",2026-05-08 00:00:00.000,300000120419832,300000001421038,7016,SA,MANUAL
508945,35662,Success, ,2026-06-02 08:40:39.000,SAR,2026-05-08 00:00:00.000,2026-05-08 00:00:00.000,,,300000001518641,Mada-2912099,"300000016780573",2026-05-08 00:00:00.000,300000003335974,300000001421038,3226,SA,MANUAL
508944,35662,Success, ,2026-06-02 08:40:38.000,SAR,2026-05-08 00:00:00.000,2026-05-08 00:00:00.000,,,300000001518646,Visa-2912103,"300000016780588",2026-05-08 00:00:00.000,300000003335928,300000001421038,812,SA,MANUAL
508943,35662,Success, ,2026-06-02 08:40:37.000,SAR,2026-05-08 00:00:00.000,2026-05-08 00:00:00.000,,,300000001518644,Master-2912103,"300000016780588",2026-05-08 00:00:00.000,300000003335928,300000001421038,1014,SA,MANUAL
508942,35662,Success, ,2026-06-02 08:40:37.000,SAR,2026-05-08 00:00:00.000,2026-05-08 00:00:00.000,,,300000001518646,Visa-2911247,"300000080235512",2026-05-08 00:00:00.000,300000082211772,300000001421038,199,SA,MANUAL
508941,35662,Success, ,2026-06-02 08:40:37.000,SAR,2026-05-08 00:00:00.000,2026-05-08 00:00:00.000,,,300000001518646,Visa-2912094,"300000016780344",2026-05-08 00:00:00.000,300000001576124,300000001421038,578,SA,MANUAL
508940,35662,Success, ,2026-06-02 08:40:37.000,SAR,2026-05-08 00:00:00.000,2026-05-08 00:00:00.000,,,300000001518638,Cash-2912103,"300000001573453",2026-05-08 00:00:00.000,300000003335928,300000001421038,2601,SA,MANUAL
508939,35662,Success, ,2026-06-02 08:40:36.000,SAR,2026-05-08 00:00:00.000,2026-05-08 00:00:00.000,,,300000001518644,Master-2911247,"300000080235512",2026-05-08 00:00:00.000,300000082211772,300000001421038,158,SA,MANUAL
508938,35662,Success, ,2026-06-02 08:40:36.000,SAR,2026-05-08 00:00:00.000,2026-05-08 00:00:00.000,,,300000001518642,AMEX-2912094,"300000016780344",2026-05-08 00:00:00.000,300000001576124,300000001421038,100,SA,MANUAL
508937,35662,Success, ,2026-06-02 08:40:36.000,SAR,2026-05-08 00:00:00.000,2026-05-08 00:00:00.000,,,300000001518641,Mada-2912103,"300000016780588",2026-05-08 00:00:00.000,300000003335928,300000001421038,4539,SA,MANUAL
508936,35662,Success, ,2026-06-02 08:40:36.000,SAR,2026-05-08 00:00:00.000,2026-05-08 00:00:00.000,,,300000001518644,Master-2912094,"300000016780344",2026-05-08 00:00:00.000,300000001576124,300000001421038,448,SA,MANUAL
508935,35662,Success, ,2026-06-02 08:40:36.000,SAR,2026-05-08 00:00:00.000,2026-05-08 00:00:00.000,,,300000001518638,Cash-2911247,"300000080235535",2026-05-08 00:00:00.000,300000082211772,300000001421038,1546,SA,MANUAL
508934,35662,Success, ,2026-06-02 08:40:35.000,SAR,2026-05-08 00:00:00.000,2026-05-08 00:00:00.000,,,300000001518646,Visa-2911248,"300000050662327",2026-05-08 00:00:00.000,300000051631461,300000001421038,399,SA,MANUAL
508933,35662,Success, ,2026-06-02 08:40:35.000,SAR,2026-05-08 00:00:00.000,2026-05-08 00:00:00.000,,,300000001518638,Cash-2912094,"300000001573456",2026-05-08 00:00:00.000,300000001576124,300000001421038,2217,SA,MANUAL
508932,35662,Success, ,2026-06-02 08:40:35.000,SAR,2026-05-08 00:00:00.000,2026-05-08 00:00:00.000,,,300000001518641,Mada-2911247,"300000080235512",2026-05-08 00:00:00.000,300000082211772,300000001421038,4081,SA,MANUAL
508931,35662,Success, ,2026-06-02 08:40:34.000,SAR,2026-05-08 00:00:00.000,2026-05-08 00:00:00.000,,,300000001518638,Cash-2911248,"300000050662381",2026-05-08 00:00:00.000,300000051631461,300000001421038,1794,SA,MANUAL
508930,35662,Success, ,2026-06-02 08:40:34.000,SAR,2026-05-08 00:00:00.000,2026-05-08 00:00:00.000,,,300000001518641,Mada-2912094,"300000016780344",2026-05-08 00:00:00.000,300000001576124,300000001421038,4268,SA,MANUAL
508929,35662,Success, ,2026-06-02 08:40:34.000,SAR,2026-05-08 00:00:00.000,2026-05-08 00:00:00.000,,,300000001518641,Mada-2911248,"300000050662327",2026-05-08 00:00:00.000,300000051631461,300000001421038,3919,SA,MANUAL
508928,35662,Success, ,2026-06-02 08:40:33.000,SAR,2026-05-08 00:00:00.000,2026-05-08 00:00:00.000,,,300000001518642,AMEX-2911249,"300000035114659",2026-05-08 00:00:00.000,300000035830284,300000001421038,310,SA,MANUAL
508927,35662,Success, ,2026-06-02 08:40:32.000,SAR,2026-05-08 00:00:00.000,2026-05-08 00:00:00.000,,,300000001518646,Visa-2911249,"300000035114659",2026-05-08 00:00:00.000,300000035830284,300000001421038,2365,SA,MANUAL
508926,35662,Success, ,2026-06-02 08:40:31.000,SAR,2026-05-08 00:00:00.000,2026-05-08 00:00:00.000,,,300000001518644,Master-2911249,"300000035114659",2026-05-08 00:00:00.000,300000035830284,300000001421038,1943,SA,MANUAL
508925,35662,Success, ,2026-06-02 08:40:31.000,SAR,2026-05-08 00:00:00.000,2026-05-08 00:00:00.000,,,300000001518641,Mada-2912095,"300000056139960",2026-05-08 00:00:00.000,300000057777311,300000001421038,1544,SA,MANUAL
508924,35662,Success, ,2026-06-02 08:40:31.000,SAR,2026-05-08 00:00:00.000,2026-05-08 00:00:00.000,,,300000001518638,Cash-2911249,"300000035114625",2026-05-08 00:00:00.000,300000035830284,300000001421038,1597,SA,MANUAL
508923,35662,Success, ,2026-06-02 08:40:30.000,SAR,2026-05-08 00:00:00.000,2026-05-08 00:00:00.000,,,300000001518641,Mada-2911249,"300000035114659",2026-05-08 00:00:00.000,300000035830284,300000001421038,2769,SA,MANUAL
508922,35662,Success, ,2026-06-02 08:40:25.000,SAR,2026-05-08 00:00:00.000,2026-05-08 00:00:00.000,,,300000001518646,Visa-2912098,"300000184930278",2026-05-08 00:00:00.000,300000184930260,300000001421038,543,SA,MANUAL
508921,35662,Success, ,2026-06-02 08:40:24.000,SAR,2026-05-08 00:00:00.000,2026-05-08 00:00:00.000,,,300000001518644,Master-2912098,"300000184930278",2026-05-08 00:00:00.000,300000184930260,300000001421038,398,SA,MANUAL
508920,35662,Success, ,2026-06-02 08:40:23.000,SAR,2026-05-08 00:00:00.000,2026-05-08 00:00:00.000,,,300000001518638,Cash-2912098,"300000184930275",2026-05-08 00:00:00.000,300000184930260,300000001421038,1104,SA,MANUAL
508919,35662,Success, ,2026-06-02 08:40:23.000,SAR,2026-05-08 00:00:00.000,2026-05-08 00:00:00.000,,,300000001518641,Mada-2912098,"300000184930278",2026-05-08 00:00:00.000,300000184930260,300000001421038,2826,SA,MANUAL
508918,35662,Success, ,2026-06-02 08:40:08.000,SAR,2026-05-08 00:00:00.000,2026-05-08 00:00:00.000,,,300000001518646,Visa-2912096,"300000050662324",2026-05-08 00:00:00.000,300000051631444,300000001421038,2603,SA,MANUAL
508917,35662,Success, ,2026-06-02 08:40:07.000,SAR,2026-05-08 00:00:00.000,2026-05-08 00:00:00.000,,,300000001518644,Master-2912096,"300000050662324",2026-05-08 00:00:00.000,300000051631444,300000001421038,299,SA,MANUAL
508916,35662,Success, ,2026-06-02 08:40:07.000,SAR,2026-05-08 00:00:00.000,2026-05-08 00:00:00.000,,,300000001518638,Cash-2912096,"300000050662378",2026-05-08 00:00:00.000,300000051631444,300000001421038,1760,SA,MANUAL
508915,35662,Success, ,2026-06-02 08:40:06.000,SAR,2026-05-08 00:00:00.000,2026-05-08 00:00:00.000,,,300000001518641,Mada-2912096,"300000050662324",2026-05-08 00:00:00.000,300000051631444,300000001421038,2148,SA,MANUAL
508914,35662,Success, ,2026-06-02 08:40:01.000,SAR,2026-05-08 00:00:00.000,2026-05-08 00:00:00.000,,,300000001518644,Master-2911244,"300000113282139",2026-05-08 00:00:00.000,300000113628221,300000001421038,1616.12,SA,MANUAL
508913,35662,Success, ,2026-06-02 08:40:00.000,SAR,2026-05-08 00:00:00.000,2026-05-08 00:00:00.000,,,300000001518638,Cash-2911244,"300000113282148",2026-05-08 00:00:00.000,300000113628221,300000001421038,598.12,SA,MANUAL
508912,35662,Success, ,2026-06-02 08:39:59.000,SAR,2026-05-08 00:00:00.000,2026-05-08 00:00:00.000,,,300000001518641,Mada-2911244,"300000113282139",2026-05-08 00:00:00.000,300000113628221,300000001421038,2431.2,SA,MANUAL
508911,35662,Success, ,2026-06-02 08:39:39.000,SAR,2026-05-08 00:00:00.000,2026-05-08 00:00:00.000,,,300000001518646,Visa-2912097,"300000118410633",2026-05-08 00:00:00.000,300000120419760,300000001421038,309,SA,MANUAL
508910,35662,Success, ,2026-06-02 08:39:38.000,SAR,2026-05-08 00:00:00.000,2026-05-08 00:00:00.000,,,300000001518638,Cash-2912097,"300000118410727",2026-05-08 00:00:00.000,300000120419760,300000001421038,4848,SA,MANUAL
508909,35662,Success, ,2026-06-02 08:39:38.000,SAR,2026-05-08 00:00:00.000,2026-05-08 00:00:00.000,,,300000001518641,Mada-2912097,"300000118410633",2026-05-08 00:00:00.000,300000120419760,300000001421038,5544,SA,MANUAL
508908,35662,Success, ,2026-06-02 08:39:24.000,SAR,2026-05-08 00:00:00.000,2026-05-08 00:00:00.000,,,300000001518646,Visa-2912092,"300000118410639",2026-05-08 00:00:00.000,300000120419662,300000001421038,1313,SA,MANUAL
508907,35662,Success, ,2026-06-02 08:39:23.000,SAR,2026-05-08 00:00:00.000,2026-05-08 00:00:00.000,,,300000001518638,Cash-2912092,"300000118410771",2026-05-08 00:00:00.000,300000120419662,300000001421038,797,SA,MANUAL
508906,35662,Success, ,2026-06-02 08:39:22.000,SAR,2026-05-08 00:00:00.000,2026-05-08 00:00:00.000,,,300000001518641,Mada-2912092,"300000118410639",2026-05-08 00:00:00.000,300000120419662,300000001421038,1654,SA,MANUAL
508755,35660,Success, ,2026-06-02 07:42:40.000,SAR,2026-05-08 00:00:00.000,2026-05-08 00:00:00.000,,,300000001518646,Visa-2911221,"300000028360209",2026-05-08 00:00:00.000,300000028676742,300000001421038,149,SA,MANUAL
508754,35660,Success, ,2026-06-02 07:42:40.000,SAR,2026-05-08 00:00:00.000,2026-05-08 00:00:00.000,,,300000001518644,Master-2911221,"300000028360209",2026-05-08 00:00:00.000,300000028676742,300000001421038,29,SA,MANUAL
508753,35660,Success, ,2026-06-02 07:42:39.000,SAR,2026-05-08 00:00:00.000,2026-05-08 00:00:00.000,,,300000001518638,Cash-2911221,"300000028360221",2026-05-08 00:00:00.000,300000028676742,300000001421038,498,SA,MANUAL
508752,35660,Success, ,2026-06-02 07:42:38.000,SAR,2026-05-08 00:00:00.000,2026-05-08 00:00:00.000,,,300000001518641,Mada-2911221,"300000028360209",2026-05-08 00:00:00.000,300000028676742,300000001421038,3285,SA,MANUAL
508751,35660,Success, ,2026-06-02 07:42:33.000,SAR,2026-05-08 00:00:00.000,2026-05-08 00:00:00.000,,,300000001518638,Cash-2912019,"300000050662375",2026-05-08 00:00:00.000,300000051631426,300000001421038,653,SA,MANUAL
508749,35660,Success, ,2026-06-02 07:42:29.000,SAR,2026-05-08 00:00:00.000,2026-05-08 00:00:00.000,,,300000001518646,Visa-2912018,"300000052407295",2026-05-08 00:00:00.000,300000052635119,300000001421038,1348,SA,MANUAL
508858,35660,Success, ,2026-06-02 07:45:22.000,SAR,2026-05-08 00:00:00.000,2026-05-08 00:00:00.000,,,300000001518646,Visa-2911231,"300000131168013",2026-05-08 00:00:00.000,300000153736527,300000001421038,2945,SA,MANUAL
508857,35660,Success, ,2026-06-02 07:45:22.000,SAR,2026-05-08 00:00:00.000,2026-05-08 00:00:00.000,,,300000001518646,Visa-2912057,"300000052407280",2026-05-08 00:00:00.000,300000052635022,300000001421038,409,SA,MANUAL
508856,35660,Success, ,2026-06-02 07:45:21.000,SAR,2026-05-08 00:00:00.000,2026-05-08 00:00:00.000,,,300000001518644,Master-2911231,"300000131168013",2026-05-08 00:00:00.000,300000153736527,300000001421038,2474,SA,MANUAL
508855,35660,Success, ,2026-06-02 07:45:21.000,SAR,2026-05-08 00:00:00.000,2026-05-08 00:00:00.000,,,300000001518638,Cash-2912057,"300000052482551",2026-05-08 00:00:00.000,300000052635022,300000001421038,987,SA,MANUAL
508843,35660,Success, ,2026-06-02 07:45:17.000,SAR,2026-05-08 00:00:00.000,2026-05-08 00:00:00.000,,,300000001518641,Mada-2911230,"300000068993282",2026-05-08 00:00:00.000,300000068993367,300000001421038,6466,SA,MANUAL
508833,35660,Success, ,2026-06-02 07:45:11.000,SAR,2026-05-08 00:00:00.000,2026-05-08 00:00:00.000,,,300000001518646,Visa-2912048,"300000016780355",2026-05-08 00:00:00.000,300000001576063,300000001421038,199,SA,MANUAL
508832,35660,Success, ,2026-06-02 07:45:10.000,SAR,2026-05-08 00:00:00.000,2026-05-08 00:00:00.000,,,300000001518644,Master-2912048,"300000016780355",2026-05-08 00:00:00.000,300000001576063,300000001421038,199,SA,MANUAL
508831,35660,Success, ,2026-06-02 07:45:09.000,SAR,2026-05-08 00:00:00.000,2026-05-08 00:00:00.000,,,300000001518638,Cash-2912048,"300000001573441",2026-05-08 00:00:00.000,300000001576063,300000001421038,1281,SA,MANUAL
508830,35660,Success, ,2026-06-02 07:45:09.000,SAR,2026-05-08 00:00:00.000,2026-05-08 00:00:00.000,,,300000001518641,Mada-2912048,"300000016780355",2026-05-08 00:00:00.000,300000001576063,300000001421038,3632,SA,MANUAL
508828,35660,Success, ,2026-06-02 07:45:03.000,SAR,2026-05-08 00:00:00.000,2026-05-08 00:00:00.000,,,300000001518644,Master-2912047,"300000118410627",2026-05-08 00:00:00.000,300000120419613,300000001421038,1062,SA,MANUAL
508826,35660,Success, ,2026-06-02 07:45:01.000,SAR,2026-05-08 00:00:00.000,2026-05-08 00:00:00.000,,,300000001518641,Mada-2912047,"300000118410627",2026-05-08 00:00:00.000,300000120419613,300000001421038,5245,SA,MANUAL
508824,35660,Success, ,2026-06-02 07:44:37.000,SAR,2026-05-08 00:00:00.000,2026-05-08 00:00:00.000,,,300000001518638,Cash-2912046,"300000003335873",2026-05-08 00:00:00.000,300000003335944,300000001421038,4699,SA,MANUAL
508823,35660,Success, ,2026-06-02 07:44:37.000,SAR,2026-05-08 00:00:00.000,2026-05-08 00:00:00.000,,,300000001518641,Mada-2912046,"300000016780585",2026-05-08 00:00:00.000,300000003335944,300000001421038,6766,SA,MANUAL
508775,35660,Success, ,2026-06-02 07:43:23.000,SAR,2026-05-08 00:00:00.000,2026-05-08 00:00:00.000,,,300000001518646,Visa-2912022,"300000052407286",2026-05-08 00:00:00.000,300000052635072,300000001421038,945,SA,MANUAL
508774,35660,Success, ,2026-06-02 07:43:23.000,SAR,2026-05-08 00:00:00.000,2026-05-08 00:00:00.000,,,300000001518646,Visa-2912016,"300000052407289",2026-05-08 00:00:00.000,300000052635088,300000001421038,945,SA,MANUAL
508773,35660,Success, ,2026-06-02 07:43:22.000,SAR,2026-05-08 00:00:00.000,2026-05-08 00:00:00.000,,,300000001518644,Master-2912022,"300000052407286",2026-05-08 00:00:00.000,300000052635072,300000001421038,375,SA,MANUAL
508772,35660,Success, ,2026-06-02 07:43:22.000,SAR,2026-05-08 00:00:00.000,2026-05-08 00:00:00.000,,,300000001518644,Master-2912016,"300000052407289",2026-05-08 00:00:00.000,300000052635088,300000001421038,398,SA,MANUAL
508771,35660,Success, ,2026-06-02 07:43:22.000,SAR,2026-05-08 00:00:00.000,2026-05-08 00:00:00.000,,,300000001518638,Cash-2912022,"300000052482557",2026-05-08 00:00:00.000,300000052635072,300000001421038,199,SA,MANUAL
508770,35660,Success, ,2026-06-02 07:43:21.000,SAR,2026-05-08 00:00:00.000,2026-05-08 00:00:00.000,,,300000001518638,Cash-2912016,"300000052482560",2026-05-08 00:00:00.000,300000052635088,300000001421038,891,SA,MANUAL
508769,35660,Success, ,2026-06-02 07:43:21.000,SAR,2026-05-08 00:00:00.000,2026-05-08 00:00:00.000,,,300000001518646,Visa-2912017,"300000073517402",2026-05-08 00:00:00.000,300000073517462,300000001421038,29,SA,MANUAL
508768,35660,Success, ,2026-06-02 07:43:21.000,SAR,2026-05-08 00:00:00.000,2026-05-08 00:00:00.000,,,300000001518641,Mada-2912022,"300000052407286",2026-05-08 00:00:00.000,300000052635072,300000001421038,5071,SA,MANUAL
508767,35660,Success, ,2026-06-02 07:43:20.000,SAR,2026-05-08 00:00:00.000,2026-05-08 00:00:00.000,,,300000001518638,Cash-2912017,"300000073517386",2026-05-08 00:00:00.000,300000073517462,300000001421038,199,SA,MANUAL
508766,35660,Success, ,2026-06-02 07:43:20.000,SAR,2026-05-08 00:00:00.000,2026-05-08 00:00:00.000,,,300000001518641,Mada-2912016,"300000052407289",2026-05-08 00:00:00.000,300000052635088,300000001421038,2170,SA,MANUAL
508765,35660,Success, ,2026-06-02 07:43:20.000,SAR,2026-05-08 00:00:00.000,2026-05-08 00:00:00.000,,,300000001518641,Mada-2912017,"300000073517402",2026-05-08 00:00:00.000,300000073517462,300000001421038,2288,SA,MANUAL
509003,35663,Success, ,2026-06-02 09:07:50.000,SAR,2026-05-08 00:00:00.000,2026-05-08 00:00:00.000,,,300000001518646,Visa-2912116,"300000131168115",2026-05-08 00:00:00.000,300000138886180,300000001421038,474,SA,MANUAL
509002,35663,Success, ,2026-06-02 09:07:50.000,SAR,2026-05-08 00:00:00.000,2026-05-08 00:00:00.000,,,300000001518638,Cash-2912114,"300000047659064",2026-05-08 00:00:00.000,300000049196358,300000001421038,3748,SA,MANUAL
509001,35663,Success, ,2026-06-02 09:07:50.000,SAR,2026-05-08 00:00:00.000,2026-05-08 00:00:00.000,,,300000001518644,Master-2912116,"300000131168115",2026-05-08 00:00:00.000,300000138886180,300000001421038,946,SA,MANUAL
509000,35663,Success, ,2026-06-02 09:07:50.000,SAR,2026-05-08 00:00:00.000,2026-05-08 00:00:00.000,,,300000001518641,Mada-2912114,"300000047659036",2026-05-08 00:00:00.000,300000049196358,300000001421038,5634,SA,MANUAL
508999,35663,Success, ,2026-06-02 09:07:49.000,SAR,2026-05-08 00:00:00.000,2026-05-08 00:00:00.000,,,300000001518638,Cash-2912116,"300000131004944",2026-05-08 00:00:00.000,300000138886180,300000001421038,2158,SA,MANUAL
508998,35663,Success, ,2026-06-02 09:07:48.000,SAR,2026-05-08 00:00:00.000,2026-05-08 00:00:00.000,,,300000001518641,Mada-2912116,"300000131168115",2026-05-08 00:00:00.000,300000138886180,300000001421038,5058,SA,MANUAL
508997,35663,Success, ,2026-06-02 09:07:48.000,SAR,2026-05-08 00:00:00.000,2026-05-08 00:00:00.000,,,300000001518646,Visa-2912122,"300000050662354",2026-05-08 00:00:00.000,300000051631674,300000001421038,803,SA,MANUAL
508996,35663,Success, ,2026-06-02 09:07:47.000,SAR,2026-05-08 00:00:00.000,2026-05-08 00:00:00.000,,,300000001518646,Visa-2912120,"300000016780337",2026-05-08 00:00:00.000,300000001576045,300000001421038,1693,SA,MANUAL
508992,35663,Success, ,2026-06-02 09:07:46.000,SAR,2026-05-08 00:00:00.000,2026-05-08 00:00:00.000,,,300000001518638,Cash-2912120,"300000001545550",2026-05-08 00:00:00.000,300000001576045,300000001421038,2043,SA,MANUAL
508991,35663,Success, ,2026-06-02 09:07:46.000,SAR,2026-05-08 00:00:00.000,2026-05-08 00:00:00.000,,,300000001518641,Mada-2912122,"300000050662354",2026-05-08 00:00:00.000,300000051631674,300000001421038,1205,SA,MANUAL
508990,35663,Success, ,2026-06-02 09:07:45.000,SAR,2026-05-08 00:00:00.000,2026-05-08 00:00:00.000,,,300000001518641,Mada-2912120,"300000016780337",2026-05-08 00:00:00.000,300000001576045,300000001421038,3628,SA,MANUAL
508989,35663,Success, ,2026-06-02 09:07:11.000,SAR,2026-05-08 00:00:00.000,2026-05-08 00:00:00.000,,,300000001518646,Visa-2912119,"300000154328712",2026-05-08 00:00:00.000,300000154310003,300000001421038,332,SA,MANUAL
508988,35663,Success, ,2026-06-02 09:07:11.000,SAR,2026-05-08 00:00:00.000,2026-05-08 00:00:00.000,,,300000001518644,Master-2912119,"300000154328712",2026-05-08 00:00:00.000,300000154310003,300000001421038,479,SA,MANUAL
508987,35663,Success, ,2026-06-02 09:07:10.000,SAR,2026-05-08 00:00:00.000,2026-05-08 00:00:00.000,,,300000001518638,Cash-2912119,"300000154328708",2026-05-08 00:00:00.000,300000154310003,300000001421038,5541,SA,MANUAL
508986,35663,Success, ,2026-06-02 09:07:09.000,SAR,2026-05-08 00:00:00.000,2026-05-08 00:00:00.000,,,300000001518641,Mada-2912119,"300000154328712",2026-05-08 00:00:00.000,300000154310003,300000001421038,244,SA,MANUAL
508985,35663,Success, ,2026-06-02 09:07:07.000,SAR,2026-05-08 00:00:00.000,2026-05-08 00:00:00.000,,,300000001518646,Visa-2911261,"300000131168138",2026-05-08 00:00:00.000,300000171340507,300000001421038,876,SA,MANUAL
508984,35663,Success, ,2026-06-02 09:07:06.000,SAR,2026-05-08 00:00:00.000,2026-05-08 00:00:00.000,,,300000001518644,Master-2911261,"300000131168138",2026-05-08 00:00:00.000,300000171340507,300000001421038,199,SA,MANUAL
